filename,width,height,class,xmin,ymin,xmax,ymax
DSC00296.JPG,4912,3264,Ball,0,1707,833,3264
DSC00296.JPG,4912,3264,Hatch,587,636,2047,3264
DSC00297.JPG,4912,3264,Ball,1,1000,694,2058
DSC00297.JPG,4912,3264,Ball,523,987,1221,2093
DSC00297.JPG,4912,3264,Hatch,3168,290,3690,1509
DSC00297.JPG,4912,3264,Hatch,2874,290,3330,1496
DSC00297.JPG,4912,3264,Hatch,2633,294,3124,1496
DSC00297.JPG,4912,3264,Hatch,2405,329,2905,1457
DSC00297.JPG,4912,3264,Hatch,2181,329,2694,1465
DSC00297.JPG,4912,3264,Hatch,1971,333,2510,1452
DSC00297.JPG,4912,3264,Hatch,1738,364,2308,1443
DSC00297.JPG,4912,3264,Hatch,1554,373,2133,1435
DSC00297.JPG,4912,3264,Hatch,1365,377,1940,1430
DSC00297.JPG,4912,3264,Hatch,1203,417,1686,1439
DSC00298.JPG,4912,3264,Hatch,1672,566,3611,2615
DSC00298.JPG,4912,3264,Ball,1330,1316,1479,1812
DSC00299.JPG,4912,3264,Ball,2137,1206,2707,1750
DSC00299.JPG,4912,3264,Hatch,1348,316,3606,2593
DSC00300.JPG,4912,3264,Hatch,6,3110,287,3251
DSC00300.JPG,4912,3264,Hatch,89,2961,760,3264
DSC00300.JPG,4912,3264,Hatch,216,2817,1085,3264
DSC00300.JPG,4912,3264,Hatch,348,2685,1396,3255
DSC00300.JPG,4912,3264,Hatch,466,2571,1672,3264
DSC00300.JPG,4912,3264,Hatch,598,2439,1861,3260
DSC00300.JPG,4912,3264,Hatch,699,2334,1971,3251
DSC00300.JPG,4912,3264,Hatch,804,2220,2045,3075
DSC00300.JPG,4912,3264,Ball,1501,1983,2422,2909
DSC00300.JPG,4912,3264,Ball,1975,1474,2782,2268
DSC00300.JPG,4912,3264,Ball,2361,1097,3071,1794
DSC00300.JPG,4912,3264,Ball,2694,825,3326,1408
DSC00300.JPG,4912,3264,Ball,2848,570,3440,1097
DSC00300.JPG,4912,3264,Ball,3045,351,3558,794
DSC00301.JPG,4912,3264,Hatch,3352,781,3585,1053
DSC00301.JPG,4912,3264,Ball,1256,1092,2409,2237
DSC00301.JPG,4912,3264,Ball,1979,1053,2685,1948
DSC00301.JPG,4912,3264,Ball,2256,1031,2804,1685
DSC00301.JPG,4912,3264,Ball,2466,974,3001,1632
DSC00301.JPG,4912,3264,Ball,2729,970,3093,1461
DSC00301.JPG,4912,3264,Ball,2826,948,3181,1378
DSC00301.JPG,4912,3264,Hatch,2756,733,3396,1373
DSC00302.JPG,4912,3264,Hatch,3729,1421,3992,1794
DSC00302.JPG,4912,3264,Ball,734,1351,861,1518
DSC00302.JPG,4912,3264,Hatch,830,1391,1058,1619
DSC00302.JPG,4912,3264,Hatch,1304,1807,1712,2189
DSC00302.JPG,4912,3264,Ball,1357,1992,1668,2308
DSC00302.JPG,4912,3264,Ball,1449,2049,1786,2404
DSC00302.JPG,4912,3264,Ball,1536,2158,1914,2536
DSC00302.JPG,4912,3264,Ball,1633,2290,2010,2707
DSC00302.JPG,4912,3264,Ball,1786,2391,2243,2865
DSC00302.JPG,4912,3264,Ball,1975,2536,2466,3053
DSC00302.JPG,4912,3264,Hatch,4225,1075,4396,1277
DSC00303.JPG,4912,3264,Tape,3734,1821,3786,1908
DSC00303.JPG,4912,3264,Tape,3576,1807,3642,1908
DSC00303.JPG,4912,3264,Hatch,4817,1742,4912,1961
DSC00303.JPG,4912,3264,Hatch,4839,1457,4912,1702
DSC00304.JPG,4912,3264,Hatch,1642,1562,1804,1724
DSC00304.JPG,4912,3264,Hatch,1646,1764,1791,1917
DSC00304.JPG,4912,3264,Ball,2800,1965,2949,2110
DSC00304.JPG,4912,3264,Hatch,2751,1913,2992,2167
DSC00304.JPG,4912,3264,Ball,2343,1790,2422,1860
DSC00304.JPG,4912,3264,Ball,3194,1794,3247,1869
DSC00304.JPG,4912,3264,Ball,2422,1768,2501,1865
DSC00304.JPG,4912,3264,Ball,3260,1790,3335,1886
DSC00304.JPG,4912,3264,Hatch,3501,1702,3606,1821
DSC00305.JPG,4912,3264,Ball,2124,1588,2295,1759
DSC00305.JPG,4912,3264,Hatch,2058,1544,2321,1816
DSC00305.JPG,4912,3264,Hatch,1339,1325,1501,1492
DSC00305.JPG,4912,3264,Hatch,1343,1127,1506,1281
DSC00305.JPG,4912,3264,Ball,3137,1386,3225,1465
DSC00305.JPG,4912,3264,Hatch,3501,1316,3606,1430
DSC00305.JPG,4912,3264,Ball,3212,1382,3304,1474
DSC00306.JPG,4912,3264,Ball,2585,1759,2795,1935
DSC00306.JPG,4912,3264,Hatch,2550,1702,2835,1992
DSC00306.JPG,4912,3264,Ball,2001,1514,2089,1606
DSC00306.JPG,4912,3264,Ball,2900,1496,2975,1597
DSC00306.JPG,4912,3264,Hatch,1229,1518,1396,1702
DSC00306.JPG,4912,3264,Hatch,1229,1307,1396,1474
DSC00306.JPG,4912,3264,Ball,2085,1509,2155,1601
DSC00309.JPG,4912,3264,Ball,2328,439,2898,1005
DSC00312.JPG,4912,3264,Ball,2514,1294,3501,2246
DSC00312.JPG,4912,3264,Ball,3146,2220,3646,2681
DSC00312.JPG,4912,3264,Ball,3672,2259,4150,2742
DSC00312.JPG,4912,3264,Ball,4146,2286,4611,2799
DSC00312.JPG,4912,3264,Ball,4773,2338,4909,2838
DSC00314.JPG,4912,3264,Hatch,2234,202,3988,2031
DSC00315.JPG,4912,3264,Hatch,1835,1062,3304,2461
DSC00315.JPG,4912,3264,Tape,1993,812,2243,1242
DSC00315.JPG,4912,3264,Tape,2839,860,3120,1321
DSC00315.JPG,4912,3264,Ball,2014,219,2453,706
DSC00315.JPG,4912,3264,Ball,2462,263,2900,759
DSC00315.JPG,4912,3264,Ball,2949,272,3383,772
DSC00315.JPG,4912,3264,Ball,3418,307,3896,816
DSC00315.JPG,4912,3264,Ball,3913,316,4422,851
DSC00315.JPG,4912,3264,Ball,4457,347,4896,842
DSC00316.JPG,4912,3264,Hatch,2014,733,2764,1663
DSC00316.JPG,4912,3264,Ball,2808,1812,3041,2044
DSC00316.JPG,4912,3264,Ball,3821,1926,4111,2224
DSC00316.JPG,4912,3264,Ball,3549,1913,3826,2189
DSC00316.JPG,4912,3264,Ball,3304,1882,3563,2137
DSC00316.JPG,4912,3264,Ball,3063,1886,3304,2093
DSC00317.JPG,4912,3264,Hatch,2159,943,3435,2198
DSC00317.JPG,4912,3264,Ball,1773,1544,2076,1825
DSC00317.JPG,4912,3264,Hatch,3620,1435,3738,1860
DSC00317.JPG,4912,3264,Tape,2330,790,2536,1132
DSC00317.JPG,4912,3264,Tape,3028,777,3278,1136
DSC00319.JPG,4912,3264,Ball,418,1132,874,1562
DSC00319.JPG,4912,3264,Ball,865,1145,1269,1535
DSC00319.JPG,4912,3264,Ball,1269,1149,1686,1544
DSC00319.JPG,4912,3264,Ball,1699,1136,2085,1549
DSC00319.JPG,4912,3264,Ball,2089,1163,2475,1535
DSC00319.JPG,4912,3264,Ball,63,1114,409,1522
DSC00319.JPG,4912,3264,Hatch,0,0,2971,3260
DSC00320.JPG,4912,3264,Ball,168,899,690,1364
DSC00320.JPG,4912,3264,Ball,699,917,1146,1378
DSC00320.JPG,4912,3264,Ball,1146,895,1567,1334
DSC00320.JPG,4912,3264,Hatch,0,0,2874,3229
DSC00322.JPG,4912,3264,Tape,2028,456,2263,825
DSC00322.JPG,4912,3264,Tape,2778,421,3032,803
DSC00322.JPG,4912,3264,Hatch,1870,605,3194,1935
DSC00322.JPG,4912,3264,Ball,3142,1654,3453,1847
DSC00322.JPG,4912,3264,Ball,1642,1663,1874,1781
DSC00322.JPG,4912,3264,Hatch,3514,1527,3633,1829
DSC00323.JPG,4912,3264,Tape,1234,671,1887,1803
DSC00323.JPG,4912,3264,Tape,3484,676,4076,1799
DSC00323.JPG,4912,3264,Hatch,892,1237,4392,3264
DSC00324.JPG,4912,3264,Tape,712,0,1598,1426
DSC00324.JPG,4912,3264,Tape,3799,0,4536,1452
DSC00324.JPG,4912,3264,Ball,3054,1022,3435,1426
DSC00324.JPG,4912,3264,Ball,2650,1009,3045,1421
DSC00324.JPG,4912,3264,Ball,2229,1009,2624,1421
DSC00324.JPG,4912,3264,Ball,1843,1018,2225,1404
DSC00324.JPG,4912,3264,Ball,1431,1009,1822,1404
DSC00325.JPG,4912,3264,Hatch,1440,311,4146,2992
DSC00326.JPG,4912,3264,Ball,449,483,716,741
DSC00326.JPG,4912,3264,Ball,721,452,949,724
DSC00326.JPG,4912,3264,Ball,971,447,1107,702
DSC00326.JPG,4912,3264,Ball,0,465,151,772
DSC00326.JPG,4912,3264,Ball,167,469,440,768
DSC00326.JPG,4912,3264,Hatch,0,1092,515,1891
DSC00326.JPG,4912,3264,Ball,1865,1110,2392,1557
DSC00326.JPG,4912,3264,Ball,2405,1123,2896,1531
DSC00326.JPG,4912,3264,Ball,2501,1316,3058,1829
DSC00326.JPG,4912,3264,Ball,1914,1321,2497,1834
DSC00326.JPG,4912,3264,Ball,1979,1619,2633,2259
DSC00326.JPG,4912,3264,Ball,2624,1549,3286,2215
DSC00327.JPG,4912,3264,Ball,2357,1329,2743,1496
DSC00327.JPG,4912,3264,Ball,1725,1242,2225,1597
DSC00327.JPG,4912,3264,Ball,1734,1299,2374,1812
DSC00327.JPG,4912,3264,Ball,1773,1382,2580,2198
DSC00327.JPG,4912,3264,Ball,2488,1360,2931,1992
DSC00327.JPG,4912,3264,Ball,2576,1430,3365,2220
DSC00327.JPG,4912,3264,Ball,107,1075,401,1316
DSC00327.JPG,4912,3264,Ball,405,1070,659,1312
DSC00327.JPG,4912,3264,Ball,668,1070,829,1325
DSC00327.JPG,4912,3264,Hatch,0,1040,199,1755
DSC00329.JPG,4912,3264,Ball,839,1483,1900,2523
DSC00329.JPG,4912,3264,Ball,1879,1531,2949,2575
DSC00329.JPG,4912,3264,Ball,3120,1584,4212,2619
DSC00329.JPG,4912,3264,Ball,3488,759,4510,1733
DSC00329.JPG,4912,3264,Ball,2545,820,3523,1786
DSC00329.JPG,4912,3264,Ball,1519,777,2491,1715
DSC00330.JPG,4912,3264,Ball,3001,592,3935,1509
DSC00330.JPG,4912,3264,Ball,3067,1435,4111,2404
DSC00330.JPG,4912,3264,Ball,1975,1443,3067,2426
DSC00330.JPG,4912,3264,Ball,914,1448,1975,2426
DSC00330.JPG,4912,3264,Ball,1115,658,2045,1557
DSC00330.JPG,4912,3264,Ball,2054,601,3000,1509
DSC00331.JPG,4912,3264,Ball,3655,1193,4177,1650
DSC00331.JPG,4912,3264,Ball,3247,1233,3668,1658
DSC00331.JPG,4912,3264,Ball,67,1408,313,1623
DSC00332.JPG,4912,3264,Hatch,659,807,874,1110
DSC00332.JPG,4912,3264,Ball,3966,1158,4475,1641
DSC00332.JPG,4912,3264,Ball,4413,1211,4900,1729
DSC00332.JPG,4912,3264,Ball,4225,1106,4532,1404
DSC00332.JPG,4912,3264,Ball,4497,1163,4900,1285
DSC00332.JPG,4912,3264,Ball,4602,1119,4909,1193
DSC00332.JPG,4912,3264,Ball,4330,1070,4615,1224
DSC00332.JPG,4912,3264,Ball,703,943,922,1233
DSC00332.JPG,4912,3264,Ball,1164,895,1370,987
DSC00332.JPG,4912,3264,Ball,979,904,1142,1009
DSC00332.JPG,4912,3264,Ball,874,952,1137,1092
DSC00332.JPG,4912,3264,Ball,1370,913,1475,1022
DSC00332.JPG,4912,3264,Ball,1137,943,1352,1044
DSC00333.JPG,4912,3264,Ball,3843,0,4602,276
DSC00333.JPG,4912,3264,Ball,4506,0,4912,619
DSC00334.JPG,4912,3264,Ball,4321,1246,4912,1869
DSC00334.JPG,4912,3264,Ball,708,1035,988,1158
DSC00334.JPG,4912,3264,Ball,440,1035,712,1158
DSC00334.JPG,4912,3264,Ball,247,1013,528,1325
DSC00335.JPG,4912,3264,Ball,4295,1474,4821,1970
DSC00335.JPG,4912,3264,Ball,4799,1614,4912,2097
DSC00335.JPG,4912,3264,Ball,4374,1325,4843,1610
DSC00335.JPG,4912,3264,Ball,4449,1255,4861,1509
DSC00335.JPG,4912,3264,Ball,962,965,1243,1180
DSC00335.JPG,4912,3264,Ball,1216,943,1475,1075
DSC00335.JPG,4912,3264,Ball,1457,904,1615,1027
DSC00335.JPG,4912,3264,Ball,1269,873,1488,956
DSC00335.JPG,4912,3264,Ball,1050,895,1282,1027
DSC00335.JPG,4912,3264,Ball,822,939,1058,1224
DSC00335.JPG,4912,3264,Hatch,778,746,975,1053
DSC00337.JPG,4912,3264,Hatch,0,2786,247,3264
DSC00337.JPG,4912,3264,Tape,212,2496,251,2667
DSC00337.JPG,4912,3264,Tape,133,2457,181,2610
DSC00342.JPG,4912,3264,Tape,2133,478,2396,943
DSC00342.JPG,4912,3264,Tape,2988,447,3232,899
DSC00342.JPG,4912,3264,Ball,4769,540,4912,667
DSC00342.JPG,4912,3264,Ball,3944,0,4159,184
DSC00342.JPG,4912,3264,Ball,3931,491,4146,702
DSC00342.JPG,4912,3264,Hatch,3892,412,4207,755
DSC00342.JPG,4912,3264,Hatch,3905,0,4247,241
DSC00342.JPG,4912,3264,Tape,3497,0,3567,298
DSC00342.JPG,4912,3264,Tape,3664,0,3721,290
DSC00343.JPG,4912,3264,Tape,3124,1250,3374,1395
DSC00343.JPG,4912,3264,Tape,3124,1715,3374,1865
DSC00343.JPG,4912,3264,Tape,2804,1057,3019,1097
DSC00343.JPG,4912,3264,Tape,2699,913,2905,974
DSC00343.JPG,4912,3264,Ball,1993,263,2159,461
DSC00343.JPG,4912,3264,Ball,2405,303,2611,474
DSC00343.JPG,4912,3264,Hatch,1944,224,2229,491
DSC00343.JPG,4912,3264,Hatch,2361,250,2633,513
DSC00343.JPG,4912,3264,Ball,2207,97,2295,189
DSC00343.JPG,4912,3264,Ball,2212,26,2291,97
DSC00344.JPG,4912,3264,Tape,2111,974,2396,1492
DSC00344.JPG,4912,3264,Tape,3076,965,3383,1492
DSC00344.JPG,4912,3264,Ball,4326,829,4554,1088
DSC00344.JPG,4912,3264,Hatch,4264,777,4628,1145
DSC00344.JPG,4912,3264,Ball,4352,276,4593,562
DSC00344.JPG,4912,3264,Hatch,4295,219,4672,610
DSC00344.JPG,4912,3264,Tape,3707,311,3830,794
DSC00344.JPG,4912,3264,Tape,3927,351,3992,763
DSC00345.JPG,4912,3264,Tape,1137,807,1808,2084
DSC00345.JPG,4912,3264,Tape,3620,816,4247,2097
DSC00347.JPG,4912,3264,Tape,1870,469,2207,553
DSC00347.JPG,4912,3264,Tape,1786,649,2203,706
DSC00347.JPG,4912,3264,Tape,2339,943,2782,1202
DSC00347.JPG,4912,3264,Tape,2378,1790,2804,2018
DSC00348.JPG,4912,3264,Tape,914,320,1273,377
DSC00348.JPG,4912,3264,Tape,773,465,1190,544
DSC00348.JPG,4912,3264,Tape,1286,829,1751,1084
DSC00348.JPG,4912,3264,Tape,1265,1693,1721,1948
DSC00348.JPG,4912,3264,Hatch,2050,719,3422,2123
DSC00348.JPG,4912,3264,Ball,1265,0,1471,53
DSC00348.JPG,4912,3264,Hatch,1186,0,1541,97
DSC00349.JPG,4912,3264,Ball,1137,0,1352,140
DSC00349.JPG,4912,3264,Tape,751,531,1194,601
DSC00349.JPG,4912,3264,Tape,879,395,1243,447
DSC00349.JPG,4912,3264,Hatch,1058,0,1414,184
DSC00349.JPG,4912,3264,Ball,1650,0,1857,158
DSC00349.JPG,4912,3264,Hatch,1580,0,1927,189
DSC00349.JPG,4912,3264,Tape,1295,855,1764,1123
DSC00349.JPG,4912,3264,Tape,1326,1720,1769,1965
DSC00349.JPG,4912,3264,Hatch,1668,676,3058,2075
DSC00351.JPG,4912,3264,Tape,1642,1851,2080,2119
DSC00351.JPG,4912,3264,Tape,1782,1022,2098,1237
DSC00351.JPG,4912,3264,Hatch,1199,838,2646,2290
DSC00351.JPG,4912,3264,Ball,1523,127,1721,333
DSC00351.JPG,4912,3264,Ball,2006,140,2199,360
DSC00351.JPG,4912,3264,Hatch,1449,70,1782,373
DSC00351.JPG,4912,3264,Hatch,1944,92,2278,395
DSC00351.JPG,4912,3264,Tape,1269,557,1611,605
DSC00351.JPG,4912,3264,Tape,1133,689,1536,750
DSC00353.JPG,4912,3264,Tape,2475,298,2721,798
DSC00353.JPG,4912,3264,Tape,1633,294,1896,956
DSC00353.JPG,4912,3264,Tape,848,1246,1238,1856
DSC00353.JPG,4912,3264,Tape,37,1290,224,1829
DSC00353.JPG,4912,3264,Hatch,0,1562,1598,3264
DSC00353.JPG,4912,3264,Ball,1694,772,3045,2110
DSC00354.JPG,4912,3264,Tape,1146,0,1861,1614
DSC00354.JPG,4912,3264,Tape,3365,0,3949,1255
DSC00354.JPG,4912,3264,Ball,1080,1206,4861,3264
DSC00355.JPG,4912,3264,Tape,1501,0,1870,768
DSC00355.JPG,4912,3264,Tape,2826,4,3181,588
DSC00355.JPG,4912,3264,Ball,1515,531,3694,2663
DSC00355.JPG,4912,3264,Tape,164,1233,825,2224
DSC00355.JPG,4912,3264,Hatch,0,1790,1370,3264
DSC00356.JPG,4912,3264,Tape,3650,399,3935,1013
DSC00356.JPG,4912,3264,Tape,2712,465,3001,1097
DSC00356.JPG,4912,3264,Tape,1164,1281,1370,1799
DSC00356.JPG,4912,3264,Tape,1966,1316,2291,1908
DSC00356.JPG,4912,3264,Hatch,1063,1562,2536,3264
DSC00358.JPG,4912,3264,Tape,409,0,1308,1329
DSC00358.JPG,4912,3264,Hatch,668,790,2422,3251
DSC00358.JPG,4912,3264,Ball,1265,794,3488,3001
DSC00363.JPG,4912,3264,Ball,387,1027,589,1206
DSC00363.JPG,4912,3264,Hatch,339,987,637,1255
DSC00363.JPG,4912,3264,Ball,436,1426,624,1606
DSC00363.JPG,4912,3264,Hatch,379,1391,659,1667
DSC00363.JPG,4912,3264,Tape,1620,1364,1778,1645
DSC00363.JPG,4912,3264,Tape,2159,1334,2339,1641
DSC00363.JPG,4912,3264,Tape,2681,1334,2839,1619
DSC00363.JPG,4912,3264,Tape,3234,1325,3399,1601
DSC00363.JPG,4912,3264,Tape,4396,1220,4462,1321
DSC00363.JPG,4912,3264,Tape,4580,1224,4637,1312
DSC00364.JPG,4912,3264,Ball,282,303,501,500
DSC00364.JPG,4912,3264,Hatch,225,224,567,557
DSC00364.JPG,4912,3264,Tape,611,693,835,1211
DSC00364.JPG,4912,3264,Tape,1510,632,1857,1180
DSC00364.JPG,4912,3264,Tape,2493,579,2808,1158
DSC00364.JPG,4912,3264,Tape,3602,548,3922,1136
DSC00365.JPG,4912,3264,Ball,32,750,273,965
DSC00365.JPG,4912,3264,Hatch,0,698,330,1018
DSC00365.JPG,4912,3264,Ball,120,1211,357,1386
DSC00365.JPG,4912,3264,Hatch,45,1167,387,1483
DSC00365.JPG,4912,3264,Ball,2177,553,3225,1628
DSC00365.JPG,4912,3264,Tape,2317,1685,2615,2202
DSC00365.JPG,4912,3264,Tape,3335,1658,3642,2180
DSC00365.JPG,4912,3264,Tape,1365,1720,1707,2220
DSC00365.JPG,4912,3264,Tape,488,1729,712,2215
DSC00366.JPG,4912,3264,Tape,2054,2224,2414,2900
DSC00366.JPG,4912,3264,Tape,3203,2014,3479,2597
DSC00366.JPG,4912,3264,Tape,3962,1856,4207,2373
DSC00366.JPG,4912,3264,Hatch,3808,2088,4462,3260
DSC00366.JPG,4912,3264,Ball,1760,535,3036,1838
DSC00369.JPG,4912,3264,Tape,944,1658,1102,1935
DSC00369.JPG,4912,3264,Tape,1484,1663,1664,1935
DSC00369.JPG,4912,3264,Tape,1988,1654,2142,1922
DSC00369.JPG,4912,3264,Tape,2493,1645,2642,1908
DSC00369.JPG,4912,3264,Tape,2935,1650,3089,1891
DSC00369.JPG,4912,3264,Tape,3383,1636,3523,1882
DSC00369.JPG,4912,3264,Ball,2685,1005,2808,1101
DSC00371.JPG,4912,3264,Tape,966,1759,1050,1943
DSC00371.JPG,4912,3264,Tape,1216,1768,1304,1961
DSC00371.JPG,4912,3264,Tape,1475,1764,1554,1965
DSC00371.JPG,4912,3264,Tape,1773,1764,1874,1979
DSC00371.JPG,4912,3264,Tape,2681,1724,2729,1900
DSC00371.JPG,4912,3264,Tape,2927,1702,2957,1856
DSC00371.JPG,4912,3264,Tape,2821,1715,2870,1873
DSC00371.JPG,4912,3264,Ball,4264,1755,4387,1865
DSC00371.JPG,4912,3264,Hatch,4813,1614,4900,1777
DSC00371.JPG,4912,3264,Ball,4387,1750,4510,1873
DSC00372.JPG,4912,3264,Tape,1080,1307,1238,1584
DSC00372.JPG,4912,3264,Tape,1602,1299,1778,1588
DSC00372.JPG,4912,3264,Tape,2111,1290,2278,1575
DSC00372.JPG,4912,3264,Tape,2659,1285,2817,1562
DSC00372.JPG,4912,3264,Tape,3150,1272,3304,1553
DSC00372.JPG,4912,3264,Tape,3690,1259,3826,1531
DSC00372.JPG,4912,3264,Tape,1545,1022,1620,1123
DSC00374.JPG,4912,3264,Tape,3510,518,3804,1136
DSC00374.JPG,4912,3264,Tape,2778,557,2975,1053
DSC00374.JPG,4912,3264,Tape,2304,583,2466,996
DSC00374.JPG,4912,3264,Tape,1944,597,2041,956
DSC00374.JPG,4912,3264,Tape,1664,619,1778,930
DSC00374.JPG,4912,3264,Tape,1493,632,1572,891
DSC00375.JPG,4912,3264,Ball,2563,1193,2909,1514
DSC00375.JPG,4912,3264,Ball,2102,1132,2436,1399
DSC00375.JPG,4912,3264,Ball,2133,1873,2466,2198
DSC00375.JPG,4912,3264,Ball,2532,1926,2927,2312
DSC00375.JPG,4912,3264,Hatch,2506,1097,3041,1693
DSC00375.JPG,4912,3264,Tape,2887,1829,2971,2022
DSC00375.JPG,4912,3264,Tape,2563,1860,2677,2044
DSC00375.JPG,4912,3264,Tape,2115,1623,2186,1790
DSC00375.JPG,4912,3264,Tape,2352,1632,2436,1812
DSC00375.JPG,4912,3264,Hatch,2471,2018,3019,2575
DSC00375.JPG,4912,3264,Tape,225,1588,291,1685
DSC00375.JPG,4912,3264,Tape,6,1588,67,1702
DSC00376.JPG,4912,3264,Ball,4444,1816,4567,1983
DSC00376.JPG,4912,3264,Ball,4339,1847,4488,2014
DSC00376.JPG,4912,3264,Ball,3690,1671,3786,1768
DSC00376.JPG,4912,3264,Ball,3900,1671,4006,1777
DSC00376.JPG,4912,3264,Ball,3799,1667,3892,1781
DSC00376.JPG,4912,3264,Ball,3580,1667,3681,1768
DSC00376.JPG,4912,3264,Ball,3475,1658,3558,1764
DSC00376.JPG,4912,3264,Ball,2475,706,2883,1062
DSC00376.JPG,4912,3264,Hatch,2409,579,2966,1158
DSC00376.JPG,4912,3264,Tape,2997,1891,3035,2036
DSC00376.JPG,4912,3264,Ball,2453,1470,2826,1816
DSC00376.JPG,4912,3264,Tape,3080,1851,3120,1987
DSC00376.JPG,4912,3264,Hatch,2378,1364,2944,1930
DSC00376.JPG,4912,3264,Ball,2475,2233,2817,2571
DSC00376.JPG,4912,3264,Hatch,2400,2215,2944,2742
DSC00377.JPG,4912,3264,Ball,1282,934,1493,1334
DSC00377.JPG,4912,3264,Ball,2247,908,2593,1334
DSC00377.JPG,4912,3264,Ball,3190,899,3628,1299
DSC00377.JPG,4912,3264,Ball,3260,1557,3747,1869
DSC00377.JPG,4912,3264,Ball,2339,1593,2813,1957
DSC00377.JPG,4912,3264,Ball,1313,1588,1729,1957
DSC00377.JPG,4912,3264,Hatch,1146,1522,1905,2123
DSC00377.JPG,4912,3264,Hatch,2194,1540,2931,2123
DSC00377.JPG,4912,3264,Tape,3181,1908,3352,2014
DSC00377.JPG,4912,3264,Tape,3238,1562,3457,1676
DSC00377.JPG,4912,3264,Hatch,3295,1505,3992,2066
DSC00377.JPG,4912,3264,Tape,2940,1268,3159,1386
DSC00377.JPG,4912,3264,Tape,2887,899,3102,1013
DSC00378.JPG,4912,3264,Ball,1273,1680,1729,2062
DSC00378.JPG,4912,3264,Tape,3225,1641,3449,1768
DSC00378.JPG,4912,3264,Tape,3177,1987,3343,2084
DSC00378.JPG,4912,3264,Ball,3291,1645,3764,1965
DSC00378.JPG,4912,3264,Hatch,3286,1584,3992,2150
DSC00378.JPG,4912,3264,Tape,2935,1378,3155,1465
DSC00378.JPG,4912,3264,Tape,2878,983,3093,1106
DSC00378.JPG,4912,3264,Ball,3181,987,3624,1382
DSC00378.JPG,4912,3264,Ball,2251,996,2589,1430
DSC00378.JPG,4912,3264,Ball,1278,1031,1484,1439
DSC00378.JPG,4912,3264,Ball,2330,1698,2791,2049
DSC00378.JPG,4912,3264,Hatch,2194,1619,2927,2220
DSC00378.JPG,4912,3264,Hatch,1146,1610,1914,2211
IMG_5708.JPG,4000,3000,Hatch,607,427,1651,1379
IMG_5735.JPG,4000,3000,Hatch,1006,2278,1087,2472
IMG_5735.JPG,4000,3000,Hatch,1232,2222,1282,2387
IMG_5735.JPG,4000,3000,Ball,1821,2206,1877,2290
IMG_5735.JPG,4000,3000,Ball,357,2351,446,2504
IMG_5735.JPG,4000,3000,Tape,2171,2327,2216,2391
IMG_5735.JPG,4000,3000,Tape,2062,2323,2097,2387
IMG_5735.JPG,4000,3000,Tape,300,2306,353,2379
IMG_5740.JPG,4000,3000,Tape,1990,1855,2038,1927
IMG_5740.JPG,4000,3000,Tape,1885,1839,1925,1911
IMG_5740.JPG,4000,3000,Ball,1562,1625,1619,1706
IMG_5740.JPG,4000,3000,Hatch,861,1770,925,1952
IMG_5740.JPG,4000,3000,Ball,1619,1613,1692,1698
IMG_5740.JPG,4000,3000,Ball,224,1891,345,2036
IMG_5740.JPG,4000,3000,Tape,159,1843,192,1899
IMG_5740.JPG,4000,3000,Tape,397,1839,442,1911
IMG_5740.JPG,4000,3000,Tape,280,1843,321,1903
IMG_5740.JPG,4000,3000,Hatch,1062,1690,1111,1843
IMG_5741.JPG,4000,3000,Tape,587,1685,627,1758
IMG_5741.JPG,4000,3000,Tape,950,1694,990,1762
IMG_5741.JPG,4000,3000,Tape,821,1694,857,1758
IMG_5741.JPG,4000,3000,Tape,704,1690,748,1758
IMG_5741.JPG,4000,3000,Ball,631,1730,752,1871
IMG_5741.JPG,4000,3000,Ball,865,1734,1002,1883
IMG_5742.JPG,4000,3000,Hatch,2179,1573,2272,1669
IMG_5742.JPG,4000,3000,Ball,1905,1653,1970,1718
IMG_5742.JPG,4000,3000,Ball,1175,1919,1312,2060
IMG_5742.JPG,4000,3000,Ball,942,1915,1067,2065
IMG_5742.JPG,4000,3000,Tape,1030,1871,1067,1944
IMG_5742.JPG,4000,3000,Tape,897,1875,946,1935
IMG_5742.JPG,4000,3000,Tape,1143,1875,1188,1944
IMG_5742.JPG,4000,3000,Tape,1272,1867,1300,1948
IMG_5742.JPG,4000,3000,Ball,1970,1645,2034,1722
IMG_5742.JPG,4000,3000,Tape,2631,1879,2675,1940
IMG_5742.JPG,4000,3000,Tape,2766,1883,2800,1968
IMG_5743.JPG,4000,3000,Tape,2942,1806,2986,1887
IMG_5743.JPG,4000,3000,Tape,1587,1847,1627,1915
IMG_5743.JPG,4000,3000,Tape,3079,1819,3123,1887
IMG_5743.JPG,4000,3000,Ball,1542,1883,1639,2036
IMG_5743.JPG,4000,3000,Tape,1212,1859,1260,1927
IMG_5743.JPG,4000,3000,Ball,1244,1895,1300,2044
IMG_5744.JPG,4000,3000,Tape,1571,1694,1619,1762
IMG_5744.JPG,4000,3000,Tape,1825,1698,1865,1758
IMG_5744.JPG,4000,3000,Tape,1704,1698,1752,1766
IMG_5744.JPG,4000,3000,Tape,1942,1698,1998,1766
IMG_5744.JPG,4000,3000,Ball,1833,1734,1982,1887
IMG_5744.JPG,4000,3000,Ball,1599,1742,1740,1887
IMG_5744.JPG,4000,3000,Tape,3312,1669,3365,1746
IMG_5744.JPG,4000,3000,Tape,188,1726,232,1798
IMG_5744.JPG,4000,3000,Tape,42,1734,91,1815
IMG_5744.JPG,4000,3000,Tape,3446,1677,3502,1758
IMG_5747.JPG,4000,3000,Tape,1341,1782,1385,1859
IMG_5747.JPG,4000,3000,Tape,2857,1734,2897,1810
IMG_5747.JPG,4000,3000,Tape,3107,1726,3147,1798
IMG_5747.JPG,4000,3000,Tape,3240,1718,3276,1794
IMG_5747.JPG,4000,3000,Ball,2861,1766,2994,1927
IMG_5747.JPG,4000,3000,Ball,3099,1766,3240,1919
IMG_5747.JPG,4000,3000,Tape,1458,1774,1514,1847
IMG_5747.JPG,4000,3000,Tape,2990,1730,3030,1806
IMG_5768.JPG,4000,3000,Ball,518,2488,772,2754
IMG_5768.JPG,4000,3000,Ball,768,2488,1022,2730
IMG_5768.JPG,4000,3000,Ball,1014,2452,1268,2718
IMG_5768.JPG,4000,3000,Ball,1268,2440,1498,2694
IMG_5768.JPG,4000,3000,Ball,1502,2427,1736,2661
IMG_5768.JPG,4000,3000,Ball,1736,2411,1958,2641
IMG_5769.JPG,4000,3000,Ball,3619,2153,4000,2657
IMG_5769.JPG,4000,3000,Ball,792,1355,1030,1605
IMG_5769.JPG,4000,3000,Ball,1034,1351,1260,1593
IMG_5769.JPG,4000,3000,Ball,1276,1355,1510,1593
IMG_5769.JPG,4000,3000,Ball,1518,1355,1671,1569
IMG_5769.JPG,4000,3000,Ball,1732,1440,1958,1565
IMG_5769.JPG,4000,3000,Ball,1958,1431,2183,1544
IMG_5769.JPG,4000,3000,Hatch,1708,1685,2421,2407
IMG_5769.JPG,4000,3000,Tape,1800,1589,1929,1802
IMG_5769.JPG,4000,3000,Tape,2236,1565,2361,1786
IMG_5778.JPG,4000,3000,Ball,385,1661,1079,2323
IMG_5778.JPG,4000,3000,Ball,397,1379,1002,1851
IMG_5778.JPG,4000,3000,Ball,413,1169,938,1516
IMG_5778.JPG,4000,3000,Ball,0,1766,397,2468
IMG_5778.JPG,4000,3000,Ball,0,1444,421,1915
IMG_5778.JPG,4000,3000,Ball,2,1214,425,1629
IMG_5779.JPG,4000,3000,Ball,228,2762,909,3000
IMG_5779.JPG,4000,3000,Ball,0,2532,236,2996
IMG_5779.JPG,4000,3000,Ball,0,2226,236,2633
IMG_5779.JPG,4000,3000,Ball,236,2145,776,2560
IMG_5779.JPG,4000,3000,Ball,228,2411,837,2919
IMG_5779.JPG,4000,3000,Ball,3796,1464,4000,1661
IMG_5779.JPG,4000,3000,Hatch,2530,923,2692,1048
IMG_5780.JPG,4000,3000,Hatch,2373,1827,2542,2028
IMG_5780.JPG,4000,3000,Ball,2712,1843,2804,1976
IMG_5780.JPG,4000,3000,Ball,2929,1827,3071,1952
IMG_5780.JPG,4000,3000,Ball,2829,1847,2925,1964
IMG_5780.JPG,4000,3000,Ball,3260,1782,3397,1891
IMG_5780.JPG,4000,3000,Ball,3042,1810,3155,1923
IMG_5780.JPG,4000,3000,Ball,3679,2403,3986,2633
IMG_5783.JPG,4000,3000,Hatch,2026,1524,2171,1702
IMG_5783.JPG,4000,3000,Ball,2369,1552,2486,1641
IMG_5783.JPG,4000,3000,Ball,2958,1464,3107,1569
IMG_5783.JPG,4000,3000,Ball,2837,1480,2962,1577
IMG_5783.JPG,4000,3000,Ball,2724,1512,2837,1593
IMG_5783.JPG,4000,3000,Ball,2647,1512,2744,1613
IMG_5783.JPG,4000,3000,Ball,2482,1532,2546,1625
IMG_5783.JPG,4000,3000,Ball,3712,2335,4000,2597
IMG_5783.JPG,4000,3000,Ball,3611,2145,3942,2427
IMG_5783.JPG,4000,3000,Ball,3385,2198,3736,2484
IMG_5783.JPG,4000,3000,Ball,3357,2052,3651,2254
IMG_5783.JPG,4000,3000,Ball,3131,2113,3462,2343
IMG_5785.JPG,4000,3000,Ball,3657,0,4000,223
IMG_5786.JPG,4000,3000,Ball,3621,0,4000,366
IMG_5786.JPG,4000,3000,Ball,3247,0,3693,362
IMG_5787.JPG,4000,3000,Tape,3677,338,3725,462
IMG_5787.JPG,4000,3000,Tape,3498,350,3573,478
IMG_5787.JPG,4000,3000,Hatch,3442,402,3729,804
IMG_5787.JPG,4000,3000,Ball,2682,863,2980,1054
IMG_5787.JPG,4000,3000,Ball,2415,907,2690,1134
IMG_5787.JPG,4000,3000,Ball,2630,1003,2965,1277
IMG_5787.JPG,4000,3000,Ball,2905,955,3195,1170
IMG_5787.JPG,4000,3000,Ball,2869,1130,3203,1432
IMG_5787.JPG,4000,3000,Ball,3128,1054,3474,1413
IMG_5790.JPG,4000,3000,Ball,756,2065,891,2153
IMG_5790.JPG,4000,3000,Ball,398,2793,760,2996
IMG_5790.JPG,4000,3000,Ball,151,2721,505,2964
IMG_5790.JPG,4000,3000,Ball,895,2081,1014,2172
IMG_5790.JPG,4000,3000,Ball,1126,2109,1273,2208
IMG_5790.JPG,4000,3000,Ball,1010,2089,1137,2190
IMG_5790.JPG,4000,3000,Ball,1261,2117,1337,2212
IMG_5790.JPG,4000,3000,Hatch,1731,2097,1870,2284
IMG_5791.JPG,4000,3000,Hatch,1862,1464,1980,1565
IMG_5791.JPG,4000,3000,Ball,577,2053,923,2284
IMG_5791.JPG,4000,3000,Ball,350,1977,684,2188
IMG_5791.JPG,4000,3000,Ball,0,2280,334,2566
IMG_5791.JPG,4000,3000,Ball,262,2157,652,2411
IMG_5791.JPG,4000,3000,Ball,35,2085,406,2320
IMG_5792.JPG,4000,3000,Tape,429,366,465,482
IMG_5792.JPG,4000,3000,Ball,1086,903,1377,1078
IMG_5792.JPG,4000,3000,Ball,899,828,1158,999
IMG_5792.JPG,4000,3000,Ball,839,951,1142,1158
IMG_5792.JPG,4000,3000,Tape,541,382,581,489
IMG_5792.JPG,4000,3000,Hatch,421,426,616,780
IMG_5792.JPG,4000,3000,Ball,644,879,899,1070
IMG_5792.JPG,4000,3000,Ball,349,951,660,1253
IMG_5792.JPG,4000,3000,Ball,525,1023,835,1233
IMG_5793.JPG,4000,3000,Hatch,222,36,413,370
IMG_5793.JPG,4000,3000,Ball,545,470,764,617
IMG_5793.JPG,4000,3000,Ball,624,382,847,501
IMG_5793.JPG,4000,3000,Ball,390,414,644,573
IMG_5793.JPG,4000,3000,Ball,135,454,386,712
IMG_5793.JPG,4000,3000,Ball,278,497,545,653
IMG_5793.JPG,4000,3000,Ball,3534,1007,3991,1365
IMG_5793.JPG,4000,3000,Ball,3418,1134,3900,1508
IMG_5793.JPG,4000,3000,Ball,3255,1273,3820,1783
IMG_5796.JPG,4000,3000,Ball,1126,2320,1265,2447
IMG_5796.JPG,4000,3000,Ball,700,2268,831,2387
IMG_5796.JPG,4000,3000,Hatch,1524,2300,1663,2495
IMG_5796.JPG,4000,3000,Ball,191,2893,489,3000
IMG_5796.JPG,4000,3000,Ball,0,2841,294,3000
IMG_5797.JPG,4000,3000,Hatch,1070,2065,1229,2256
IMG_5800.JPG,4000,3000,Ball,2364,263,2734,525
IMG_5800.JPG,4000,3000,Ball,2710,350,3104,784
IMG_5800.JPG,4000,3000,Ball,2487,426,2905,895
IMG_5800.JPG,4000,3000,Ball,2145,330,2511,605
IMG_5800.JPG,4000,3000,Ball,1787,410,2284,899
IMG_5800.JPG,4000,3000,Ball,2173,525,2678,1039
IMG_5801.JPG,4000,3000,Hatch,2905,0,3538,239
IMG_5801.JPG,4000,3000,Ball,998,32,1452,493
IMG_5801.JPG,4000,3000,Ball,668,0,1062,414
IMG_5801.JPG,4000,3000,Ball,1620,0,1894,271
IMG_5801.JPG,4000,3000,Ball,1305,0,1659,366
IMG_5803.JPG,4000,3000,Ball,3760,1810,4000,2041
IMG_5803.JPG,4000,3000,Ball,3291,1791,3526,1989
IMG_5803.JPG,4000,3000,Tape,3000,1882,3100,2061
IMG_5803.JPG,4000,3000,Tape,2642,1850,2750,2017
IMG_5803.JPG,4000,3000,Hatch,2575,1966,3156,2531
IMG_5803.JPG,4000,3000,Ball,1002,2200,1325,2407
IMG_5803.JPG,4000,3000,Ball,1273,2232,1639,2598
IMG_5803.JPG,4000,3000,Ball,1038,2344,1420,2761
IMG_5803.JPG,4000,3000,Ball,752,2316,1106,2538
IMG_5803.JPG,4000,3000,Ball,417,2451,823,2877
IMG_5803.JPG,4000,3000,Ball,744,2487,1186,2960
IMG_5804.JPG,4000,3000,Tape,2773,2789,2897,2980
IMG_5804.JPG,4000,3000,Tape,2423,2757,2531,2944
IMG_5804.JPG,4000,3000,Hatch,2391,2866,2896,3000
IMG_5804.JPG,4000,3000,Hatch,2308,2363,2391,2602
IMG_5804.JPG,4000,3000,Ball,3526,2523,3776,2769
IMG_5804.JPG,4000,3000,Ball,3068,2515,3299,2642
IMG_5805.JPG,4000,3000,Hatch,1532,2332,1675,2670
IMG_5805.JPG,4000,3000,Ball,2861,2531,3128,2813
IMG_5805.JPG,4000,3000,Ball,2610,2507,2857,2777
IMG_5805.JPG,4000,3000,Ball,2360,2499,2614,2749
IMG_5805.JPG,4000,3000,Ball,2177,2471,2364,2725
IMG_5805.JPG,4000,3000,Ball,1695,2439,1922,2682
IMG_5807.JPG,4000,3000,Ball,0,1015,210,1440
IMG_5807.JPG,4000,3000,Tape,1170,497,1269,736
IMG_5807.JPG,4000,3000,Tape,1540,537,1683,792
IMG_5807.JPG,4000,3000,Hatch,1118,637,1759,1353
IMG_5807.JPG,4000,3000,Ball,2395,450,2606,692
IMG_5807.JPG,4000,3000,Ball,2598,470,2853,716
IMG_5807.JPG,4000,3000,Ball,2837,474,3112,744
IMG_5807.JPG,4000,3000,Ball,3112,497,3370,760
IMG_5810.JPG,4000,3000,Hatch,581,0,772,669
IMG_5810.JPG,4000,3000,Ball,1603,0,1962,231
IMG_5810.JPG,4000,3000,Ball,1225,0,1607,235
IMG_5810.JPG,4000,3000,Ball,823,0,1237,243
IMG_5811.JPG,4000,3000,Hatch,0,0,127,601
IMG_5811.JPG,4000,3000,Ball,1396,0,1767,215
IMG_5811.JPG,4000,3000,Ball,1022,0,1408,215
IMG_5811.JPG,4000,3000,Ball,652,0,1042,215
IMG_5812.JPG,4000,3000,Ball,461,0,847,259
IMG_5812.JPG,4000,3000,Ball,71,0,469,263
IMG_5813.JPG,4000,3000,Ball,55,0,286,211
IMG_5817.JPG,4000,3000,Tape,2511,342,2555,402
IMG_5817.JPG,4000,3000,Tape,2451,422,2479,493
IMG_5817.JPG,4000,3000,Tape,2622,338,2666,410
IMG_5817.JPG,4000,3000,Tape,2379,422,2419,478
IMG_5817.JPG,4000,3000,Hatch,334,466,429,665
IMG_5817.JPG,4000,3000,Tape,3399,609,3472,730
IMG_5866.JPG,4000,3000,Hatch,2288,84,2606,828
IMG_5872.JPG,4000,3000,Tape,3287,1424,3327,1492
IMG_5872.JPG,4000,3000,Tape,3410,1424,3458,1496
IMG_5872.JPG,4000,3000,Tape,3179,1420,3215,1492
IMG_5872.JPG,4000,3000,Tape,1663,1444,1711,1524
IMG_5898.JPG,4000,3000,Tape,1341,466,1381,545
IMG_5898.JPG,4000,3000,Tape,1599,466,1639,537
IMG_5898.JPG,4000,3000,Tape,1476,458,1524,537
IMG_5898.JPG,4000,3000,Tape,1731,454,1775,533
IMG_5898.JPG,4000,3000,Ball,1617,517,1783,676
IMG_5898.JPG,4000,3000,Ball,1377,529,1540,688
IMG_5898.JPG,4000,3000,Tape,3343,430,3398,521
IMG_5898.JPG,4000,3000,Tape,3199,430,3243,521
IMG_5907.JPG,4000,3000,Hatch,3498,0,4000,342
IMG_5913.JPG,4000,3000,Tape,656,1393,696,1456
IMG_5913.JPG,4000,3000,Tape,537,1397,573,1460
IMG_5913.JPG,4000,3000,Ball,593,1444,716,1600
IMG_5913.JPG,4000,3000,Hatch,1209,2710,2077,3000
IMG_5949.JPG,4000,3000,Ball,2555,24,2917,442
IMG_5949.JPG,4000,3000,Ball,2308,123,2718,541
IMG_5949.JPG,4000,3000,Ball,2013,8,2395,314
IMG_5958.JPG,4000,3000,Ball,1894,96,2296,406
IMG_5958.JPG,4000,3000,Ball,2280,179,2674,625
IMG_5958.JPG,4000,3000,Ball,2025,279,2475,792
IMG_5958.JPG,4000,3000,Ball,1593,216,2030,567
IMG_5958.JPG,4000,3000,Ball,1221,366,1731,899
IMG_5958.JPG,4000,3000,Ball,1683,422,2228,975
IMG_5960.JPG,4000,3000,Tape,3828,1962,3991,2196
IMG_5960.JPG,4000,3000,Hatch,3709,2121,4000,2793
IMG_5960.JPG,4000,3000,Ball,1731,2200,2109,2535
IMG_5960.JPG,4000,3000,Ball,2073,2284,2467,2702
IMG_5960.JPG,4000,3000,Ball,1826,2423,2296,2928
IMG_5960.JPG,4000,3000,Ball,1432,2359,1874,2765
IMG_5960.JPG,4000,3000,Ball,1524,2638,2057,2992
IMG_5960.JPG,4000,3000,Ball,1062,2578,1572,3000
IMG_5961.JPG,4000,3000,Ball,3458,2463,3725,2694
IMG_5961.JPG,4000,3000,Ball,3721,2503,3983,2737
IMG_5961.JPG,4000,3000,Hatch,1134,2149,1293,2300
IMG_5962.JPG,4000,3000,Tape,2925,2642,3048,2857
IMG_5962.JPG,4000,3000,Tape,3335,2714,3490,2932
IMG_5962.JPG,4000,3000,Hatch,2865,2797,3518,3000
IMG_5962.JPG,4000,3000,Hatch,768,2077,919,2184
IMG_5962.JPG,4000,3000,Ball,3589,2415,3856,2666
IMG_5962.JPG,4000,3000,Ball,3868,2435,4000,2694
IMG_5962.JPG,4000,3000,Ball,3108,2371,3347,2606
IMG_5962.JPG,4000,3000,Ball,3351,2395,3585,2634
IMG_5962.JPG,4000,3000,Ball,2877,2336,3108,2578
IMG_5962.JPG,4000,3000,Hatch,2762,2252,2861,2578
IMG_5963.JPG,4000,3000,Tape,2893,1791,3016,1989
IMG_5963.JPG,4000,3000,Tape,3295,1838,3426,2041
IMG_5963.JPG,4000,3000,Hatch,2809,1922,3490,2558
IMG_5963.JPG,4000,3000,Ball,1400,2184,1783,2578
IMG_5963.JPG,4000,3000,Ball,1118,2125,1472,2399
IMG_5963.JPG,4000,3000,Ball,780,2280,1197,2594
IMG_5963.JPG,4000,3000,Ball,1134,2316,1568,2769
IMG_5963.JPG,4000,3000,Ball,752,2499,1273,2996
IMG_5963.JPG,4000,3000,Ball,350,2467,835,2964
IMG_5964.JPG,4000,3000,Tape,2861,728,3004,935
IMG_5964.JPG,4000,3000,Tape,3291,768,3410,983
IMG_5964.JPG,4000,3000,Hatch,2781,860,3454,1504
IMG_5964.JPG,4000,3000,Ball,3796,760,4000,1003
IMG_5964.JPG,4000,3000,Ball,3534,732,3792,975
IMG_5964.JPG,4000,3000,Ball,1070,1110,1412,1345
IMG_5964.JPG,4000,3000,Ball,1385,1154,1743,1544
IMG_5964.JPG,4000,3000,Ball,1094,1257,1516,1695
IMG_5964.JPG,4000,3000,Ball,740,1230,1154,1504
IMG_5964.JPG,4000,3000,Ball,330,1385,803,1846
IMG_5964.JPG,4000,3000,Ball,740,1401,1233,1886
IMG_5965.JPG,4000,3000,Hatch,2634,0,3359,517
IMG_5965.JPG,4000,3000,Ball,1182,123,1556,549
IMG_5965.JPG,4000,3000,Ball,839,84,1201,322
IMG_5965.JPG,4000,3000,Ball,867,231,1321,700
IMG_5965.JPG,4000,3000,Ball,485,191,911,446
IMG_5965.JPG,4000,3000,Ball,489,374,1030,879
IMG_5965.JPG,4000,3000,Ball,47,338,541,852
IMG_5966.JPG,4000,3000,Ball,3696,859,3990,1101
IMG_5966.JPG,4000,3000,Ball,3450,819,3712,1060
IMG_5966.JPG,4000,3000,Ball,3188,786,3454,1032
IMG_5966.JPG,4000,3000,Ball,2998,770,3192,992
IMG_5966.JPG,4000,3000,Ball,2538,714,2760,923
IMG_5966.JPG,4000,3000,Ball,107,1161,482,1407
IMG_5966.JPG,4000,3000,Ball,490,1060,829,1258
IMG_5966.JPG,4000,3000,Ball,720,1117,1075,1472
IMG_5966.JPG,4000,3000,Ball,369,1202,788,1609
IMG_5966.JPG,4000,3000,Ball,0,1323,438,1750
IMG_5966.JPG,4000,3000,Hatch,1857,883,2401,1504
IMG_5967.JPG,4000,3000,Ball,3514,1448,3792,1694
IMG_5967.JPG,4000,3000,Ball,3268,1411,3522,1653
IMG_5967.JPG,4000,3000,Ball,3026,1391,3264,1617
IMG_5967.JPG,4000,3000,Ball,2825,1363,3030,1581
IMG_5967.JPG,4000,3000,Hatch,1728,1581,2256,2185
IMG_5967.JPG,4000,3000,Ball,0,1835,361,2097
IMG_5967.JPG,4000,3000,Ball,349,1714,700,1935
IMG_5967.JPG,4000,3000,Ball,554,1790,950,2141
IMG_5967.JPG,4000,3000,Ball,224,1887,647,2294
IMG_5967.JPG,4000,3000,Ball,0,1992,284,2480
IMG_5971.JPG,4000,3000,Hatch,411,0,794,710
IMG_5971.JPG,4000,3000,Ball,1137,129,1496,492
IMG_5971.JPG,4000,3000,Ball,1528,125,1879,492
IMG_5971.JPG,4000,3000,Ball,1883,137,2222,480
IMG_5973.JPG,4000,3000,Ball,0,137,117,484
IMG_5973.JPG,4000,3000,Ball,121,97,484,464
IMG_5973.JPG,4000,3000,Ball,476,101,798,448
IMG_5973.JPG,4000,3000,Ball,565,32,907,359
IMG_5973.JPG,4000,3000,Ball,246,32,552,210
IMG_5973.JPG,4000,3000,Ball,0,60,230,407
IMG_5977.JPG,4000,3000,Ball,3685,1298,3851,1504
IMG_5977.JPG,4000,3000,Hatch,3319,1282,3637,1605
IMG_5977.JPG,4000,3000,Tape,3371,1210,3431,1319
IMG_5977.JPG,4000,3000,Tape,3718,1206,3786,1310
IMG_5977.JPG,4000,3000,Tape,3560,1218,3613,1315
IMG_5977.JPG,4000,3000,Tape,3899,1214,3948,1310
IMG_5977.JPG,4000,3000,Hatch,194,1133,294,1319
IMG_5998.JPG,4000,3000,Tape,323,161,379,302
IMG_5998.JPG,4000,3000,Tape,544,173,633,302
IMG_5998.JPG,4000,3000,Tape,770,177,839,310
IMG_5998.JPG,4000,3000,Tape,1008,177,1085,310
IMG_5998.JPG,4000,3000,Tape,1444,190,1504,302
IMG_5998.JPG,4000,3000,Tape,1218,181,1286,310
IMG_5998.JPG,4000,3000,Hatch,306,262,710,657
IMG_5998.JPG,4000,3000,Ball,831,258,1101,520
IMG_5998.JPG,4000,3000,Ball,1250,270,1492,520
IMG_5998.JPG,4000,3000,Tape,2004,194,2077,323
IMG_5998.JPG,4000,3000,Tape,2234,202,2282,323
IMG_5998.JPG,4000,3000,Tape,2411,202,2480,327
IMG_5998.JPG,4000,3000,Tape,2609,206,2673,335
IMG_5998.JPG,4000,3000,Tape,2984,218,3052,339
IMG_5998.JPG,4000,3000,Tape,2778,214,2859,335
IMG_5998.JPG,4000,3000,Hatch,1964,282,2315,629
IMG_5998.JPG,4000,3000,Ball,2371,290,2585,524
IMG_5998.JPG,4000,3000,Hatch,2726,270,3065,544
IMG_5999.JPG,4000,3000,Tape,1060,379,1109,484
IMG_5999.JPG,4000,3000,Tape,1238,379,1319,492
IMG_5999.JPG,4000,3000,Tape,1431,371,1488,496
IMG_5999.JPG,4000,3000,Tape,1637,379,1694,500
IMG_5999.JPG,4000,3000,Tape,1815,375,1883,492
IMG_5999.JPG,4000,3000,Tape,2024,379,2097,488
IMG_5999.JPG,4000,3000,Tape,2573,383,2649,496
IMG_5999.JPG,4000,3000,Tape,2806,379,2883,508
IMG_5999.JPG,4000,3000,Tape,3226,383,3294,508
IMG_5999.JPG,4000,3000,Tape,3000,383,3073,500
IMG_5999.JPG,4000,3000,Tape,3423,387,3508,504
IMG_5999.JPG,4000,3000,Tape,3657,379,3726,508
IMG_5999.JPG,4000,3000,Hatch,1036,464,1367,774
IMG_5999.JPG,4000,3000,Ball,1500,460,1718,685
IMG_5999.JPG,4000,3000,Ball,1867,464,2089,690
IMG_5999.JPG,4000,3000,Hatch,2536,464,2891,823
IMG_5999.JPG,4000,3000,Ball,2972,468,3222,706
IMG_5999.JPG,4000,3000,Hatch,3363,456,3738,827
IMG_6016.JPG,4000,3000,Hatch,677,2605,980,2931
IMG_6016.JPG,4000,3000,Hatch,1367,2569,1685,2766
IMG_6049.JPG,4000,3000,Tape,1395,1411,1552,1762
IMG_6049.JPG,4000,3000,Tape,2024,1444,2250,1794
IMG_6049.JPG,4000,3000,Tape,2500,1835,2641,2181
IMG_6049.JPG,4000,3000,Tape,2883,1665,2980,1956
IMG_6060.JPG,4000,3000,Tape,1234,1440,1371,1786
IMG_6060.JPG,4000,3000,Tape,1754,1609,1944,1988
IMG_6060.JPG,4000,3000,Tape,2282,1069,2544,1512
IMG_6060.JPG,4000,3000,Tape,3028,992,3198,1395
IMG_6061.JPG,4000,3000,Tape,1153,0,1270,101
IMG_6061.JPG,4000,3000,Tape,1734,0,1911,262
IMG_6062.JPG,4000,3000,Tape,1532,0,1734,65
IMG_6062.JPG,4000,3000,Tape,2383,0,2581,190
IMG_6063.JPG,4000,3000,Tape,1673,984,1867,1335
IMG_6063.JPG,4000,3000,Tape,2375,1105,2577,1476
IMG_6063.JPG,4000,3000,Tape,2972,532,3190,968
IMG_6063.JPG,4000,3000,Tape,3460,427,3589,831
IMG_6064.JPG,4000,3000,Tape,1782,2056,1992,2395
IMG_6064.JPG,4000,3000,Tape,2496,2214,2706,2556
IMG_6064.JPG,4000,3000,Tape,3065,1694,3266,2089
IMG_6064.JPG,4000,3000,Tape,3520,1532,3629,1875
IMG_6065.JPG,4000,3000,Tape,3379,2802,3484,3000
IMG_6073.JPG,4000,3000,Tape,0,210,282,726
IMG_6073.JPG,4000,3000,Tape,887,4,1214,444
IMG_6074.JPG,4000,3000,Tape,593,1778,786,2194
IMG_6074.JPG,4000,3000,Tape,1347,1536,1605,1891
IMG_6075.JPG,4000,3000,Tape,157,2730,323,3000
IMG_6098.JPG,4000,3000,Tape,2190,1964,2427,2310
IMG_6098.JPG,4000,3000,Tape,2984,2105,3181,2492
IMG_6098.JPG,4000,3000,Tape,3593,1593,3782,1996
IMG_6099.JPG,4000,3000,Tape,3887,2508,3976,2855
IMG_6099.JPG,4000,3000,Tape,3585,2754,3690,2996
IMG_6110.JPG,4000,3000,Tape,0,250,246,645
IMG_6110.JPG,4000,3000,Hatch,0,609,714,2395
IMG_6129.JPG,4000,3000,Tape,770,992,944,1452
IMG_6129.JPG,4000,3000,Tape,1468,1105,1726,1613
IMG_6129.JPG,4000,3000,Tape,2117,1754,2347,2198
IMG_6129.JPG,4000,3000,Tape,2794,1605,2948,1996
IMG_6139.JPG,4000,3000,Tape,2956,2500,3133,2907
IMG_6139.JPG,4000,3000,Tape,2286,2669,2512,3000
IMG_6176.JPG,4000,3000,Tape,956,0,1101,133
IMG_6176.JPG,4000,3000,Tape,1621,0,1839,298
IMG_6200.JPG,4000,3000,Hatch,3044,0,3556,306
IMG_6200.JPG,4000,3000,Ball,1464,242,1806,528
IMG_6200.JPG,4000,3000,Ball,1802,246,2141,504
IMG_6200.JPG,4000,3000,Ball,1411,399,1778,706
IMG_6200.JPG,4000,3000,Ball,1782,391,2145,669
IMG_6200.JPG,4000,3000,Ball,1750,560,2165,964
IMG_6200.JPG,4000,3000,Ball,1355,569,1754,984
IMG_6201.JPG,4000,3000,Hatch,2310,0,2815,315
IMG_6201.JPG,4000,3000,Ball,742,270,1093,544
IMG_6201.JPG,4000,3000,Ball,1089,270,1431,573
IMG_6201.JPG,4000,3000,Ball,1012,415,1383,726
IMG_6201.JPG,4000,3000,Ball,649,423,1012,730
IMG_6201.JPG,4000,3000,Ball,927,577,1335,984
IMG_6201.JPG,4000,3000,Ball,520,597,935,996
IMG_6214.JPG,4000,3000,Ball,0,597,109,738
IMG_6214.JPG,4000,3000,Ball,0,415,254,657
IMG_6214.JPG,4000,3000,Ball,246,395,597,722
IMG_6214.JPG,4000,3000,Ball,109,528,504,903
IMG_6214.JPG,4000,3000,Ball,0,710,371,1117
IMG_6214.JPG,4000,3000,Hatch,1391,0,1887,407
IMG_6248.JPG,4000,3000,Ball,1964,2242,2431,2726
IMG_6248.JPG,4000,3000,Hatch,1218,2109,1750,2544
IMG_6248.JPG,4000,3000,Ball,427,2278,944,2750
IMG_6248.JPG,4000,3000,Tape,2185,1226,2230,1319
IMG_6248.JPG,4000,3000,Tape,2391,1145,2452,1242
IMG_6248.JPG,4000,3000,Tape,2565,1145,2625,1254
IMG_6248.JPG,4000,3000,Tape,2290,1258,2331,1347
IMG_6249.JPG,4000,3000,Ball,1065,2218,1569,2710
IMG_6249.JPG,4000,3000,Tape,2391,1141,2440,1222
IMG_6249.JPG,4000,3000,Tape,2806,1040,2863,1137
IMG_6249.JPG,4000,3000,Tape,2621,1040,2690,1149
IMG_6249.JPG,4000,3000,Tape,2516,1157,2556,1254
IMG_6249.JPG,4000,3000,Hatch,1794,2004,2319,2472
IMG_6249.JPG,4000,3000,Ball,2577,2137,3069,2609
IMG_6260.JPG,4000,3000,Tape,3294,714,3335,794
IMG_6260.JPG,4000,3000,Hatch,2407,585,2544,730
IMG_6260.JPG,4000,3000,Hatch,335,633,492,786
IMG_6260.JPG,4000,3000,Ball,734,778,847,887
IMG_6260.JPG,4000,3000,Ball,2117,742,2210,843
IMG_6260.JPG,4000,3000,Ball,2024,746,2109,855
IMG_6260.JPG,4000,3000,Ball,851,774,956,891
IMG_6260.JPG,4000,3000,Ball,762,1923,1214,2383
IMG_6260.JPG,4000,3000,Ball,2065,2206,2621,2774
IMG_6260.JPG,4000,3000,Tape,3629,863,3690,960
IMG_6260.JPG,4000,3000,Tape,3444,859,3508,948
IMG_6260.JPG,4000,3000,Tape,3379,726,3415,819
IMG_6261.JPG,4000,3000,Tape,109,746,218,899
IMG_6261.JPG,4000,3000,Tape,2496,516,2548,605
IMG_6261.JPG,4000,3000,Tape,2758,419,2802,504
IMG_6261.JPG,4000,3000,Tape,2645,528,2698,617
IMG_6261.JPG,4000,3000,Tape,2847,411,2891,496
IMG_6261.JPG,4000,3000,Hatch,3786,383,3968,560
IMG_6261.JPG,4000,3000,Ball,3230,1677,3754,2133
IMG_6261.JPG,4000,3000,Ball,2109,2690,2891,3000
IMG_6262.JPG,4000,3000,Ball,794,2516,1565,3000
IMG_6262.JPG,4000,3000,Ball,3726,1593,4000,2101
IMG_6262.JPG,4000,3000,Hatch,3298,290,3460,460
IMG_6262.JPG,4000,3000,Tape,319,2532,403,2798
IMG_6263.JPG,4000,3000,Tape,1633,1645,1762,2008
IMG_6263.JPG,4000,3000,Tape,2198,1931,2427,2343
IMG_6263.JPG,4000,3000,Tape,2940,2266,3258,2706
IMG_6263.JPG,4000,3000,Ball,2044,1730,2855,2556
IMG_6263.JPG,4000,3000,Ball,3258,2206,3992,3000
IMG_6264.JPG,4000,3000,Tape,153,1431,310,1790
IMG_6264.JPG,4000,3000,Tape,605,1645,875,2032
IMG_6264.JPG,4000,3000,Ball,718,1484,1520,2230
IMG_6264.JPG,4000,3000,Tape,1262,1867,1411,2274
IMG_6264.JPG,4000,3000,Tape,2032,2202,2327,2669
IMG_6264.JPG,4000,3000,Ball,1754,1815,2677,2786
IMG_6265.JPG,4000,3000,Tape,81,1770,278,2165
IMG_6265.JPG,4000,3000,Tape,512,2133,827,2629
IMG_6265.JPG,4000,3000,Ball,790,1871,988,2351
IMG_6265.JPG,4000,3000,Ball,109,1403,883,2153
IMG_6265.JPG,4000,3000,Tape,3040,1190,3181,1556
IMG_6265.JPG,4000,3000,Tape,3355,968,3431,1278
IMG_6265.JPG,4000,3000,Hatch,3419,802,3762,1677
IMG_6265.JPG,4000,3000,Ball,3181,629,3645,1000
IMG_6266.JPG,4000,3000,Tape,1246,0,1440,323
IMG_6266.JPG,4000,3000,Tape,2040,0,2327,476
IMG_6266.JPG,4000,3000,Ball,1681,85,2363,1004
IMG_6266.JPG,4000,3000,Tape,2935,32,3379,641
IMG_6266.JPG,4000,3000,Ball,3081,282,4000,1363
IMG_6267.JPG,4000,3000,Tape,944,0,1117,121
IMG_6267.JPG,4000,3000,Tape,1560,0,1770,238
IMG_6267.JPG,4000,3000,Tape,2504,0,2774,411
IMG_6267.JPG,4000,3000,Ball,1996,0,2770,960
IMG_6267.JPG,4000,3000,Ball,831,4,1270,657
IMG_6270.JPG,4000,3000,Ball,2141,0,3016,673
IMG_6270.JPG,4000,3000,Hatch,3492,0,4000,1081
IMG_6271.JPG,4000,3000,Ball,649,0,1520,669
IMG_6271.JPG,4000,3000,Hatch,1778,0,3202,1069
IMG_6271.JPG,4000,3000,Ball,3456,0,4000,685
IMG_6272.JPG,4000,3000,Hatch,40,0,1520,1097
IMG_6272.JPG,4000,3000,Ball,1952,0,2815,698
IMG_6276.JPG,4000,3000,Tape,544,1302,863,1742
IMG_6276.JPG,4000,3000,Tape,1444,1302,1694,1661
IMG_6276.JPG,4000,3000,Tape,2343,1310,2573,1722
IMG_6276.JPG,4000,3000,Tape,3089,1319,3391,1742
IMG_6276.JPG,4000,3000,Tape,3960,1355,4000,1722
IMG_6276.JPG,4000,3000,Ball,2952,1444,3661,2226
IMG_6276.JPG,4000,3000,Hatch,1218,1464,2649,2710
IMG_6276.JPG,4000,3000,Ball,117,1419,976,2254
IMG_6277.JPG,4000,3000,Tape,1226,1153,1488,1605
IMG_6277.JPG,4000,3000,Tape,2165,1173,2407,1613
IMG_6277.JPG,4000,3000,Tape,2956,1181,3246,1532
IMG_6277.JPG,4000,3000,Tape,3863,1181,4000,1589
IMG_6277.JPG,4000,3000,Ball,1391,1298,2246,2125
IMG_6277.JPG,4000,3000,Hatch,2669,1335,4000,2556
IMG_6288.JPG,4000,3000,Tape,1512,1040,1565,1137
IMG_6288.JPG,4000,3000,Tape,1698,1024,1762,1121
IMG_6289.JPG,4000,3000,Tape,1919,0,2198,452
IMG_6289.JPG,4000,3000,Tape,2823,20,3024,480
IMG_6289.JPG,4000,3000,Tape,3504,48,3839,492
IMG_6289.JPG,4000,3000,Ball,1927,302,2734,1125
IMG_6289.JPG,4000,3000,Hatch,3254,306,4000,1544
IMG_6299.JPG,4000,3000,Tape,1419,1778,1681,2194
IMG_6299.JPG,4000,3000,Tape,2335,1778,2581,2194
IMG_6299.JPG,4000,3000,Hatch,1556,1875,2387,2629
IMG_6299.JPG,4000,3000,Tape,3093,1770,3395,2169
IMG_6299.JPG,4000,3000,Hatch,2879,1996,4000,3000
IMG_6300.JPG,4000,3000,Tape,476,1706,798,2153
IMG_6300.JPG,4000,3000,Tape,1387,1714,1653,2133
IMG_6300.JPG,4000,3000,Tape,2298,1734,2540,2133
IMG_6300.JPG,4000,3000,Tape,3056,1750,3375,2153
IMG_6300.JPG,4000,3000,Tape,3948,1770,4000,2149
IMG_6300.JPG,4000,3000,Ball,2940,1831,3625,2565
IMG_6300.JPG,4000,3000,Hatch,1226,1956,2677,3000
IMG_6300.JPG,4000,3000,Ball,60,1802,879,2589
IMG_6302.JPG,4000,3000,Tape,649,1798,956,2238
IMG_6302.JPG,4000,3000,Ball,286,1879,1032,2649
IMG_6303.JPG,4000,3000,Tape,2226,1052,2298,1169
IMG_6303.JPG,4000,3000,Tape,2423,1060,2488,1169
IMG_6304.JPG,4000,3000,Tape,2206,1052,2270,1153
IMG_6304.JPG,4000,3000,Tape,2391,1056,2456,1165
IMG_6305.JPG,4000,3000,Tape,2508,1133,2573,1230
IMG_6305.JPG,4000,3000,Tape,2375,1246,2435,1343
IMG_6305.JPG,4000,3000,Tape,2274,1222,2315,1319
IMG_6305.JPG,4000,3000,Tape,2685,1137,2754,1242
IMG_6306.JPG,4000,3000,Tape,2903,1101,2964,1202
IMG_6306.JPG,4000,3000,Tape,3089,1105,3141,1214
IMG_6307.JPG,4000,3000,Tape,2754,1323,2790,1419
IMG_6307.JPG,4000,3000,Tape,3190,1226,3246,1331
IMG_6307.JPG,4000,3000,Tape,3008,1238,3065,1327
IMG_6307.JPG,4000,3000,Tape,2871,1351,2935,1444
IMG_6310.JPG,4000,3000,Tape,2020,665,2060,758
IMG_6310.JPG,4000,3000,Tape,2415,577,2484,685
IMG_6310.JPG,4000,3000,Tape,2210,565,2278,677
IMG_6310.JPG,4000,3000,Tape,2113,690,2149,806
IMG_6310.JPG,4000,3000,Ball,556,2798,1290,3000
IMG_6311.JPG,4000,3000,Tape,3093,0,3270,198
IMG_6311.JPG,4000,3000,Ball,3161,0,3645,444
IMG_6311.JPG,4000,3000,Ball,2903,198,3157,681
IMG_6314.JPG,4000,3000,Tape,190,1448,585,1899
IMG_6314.JPG,4000,3000,Ball,0,1593,504,2484
IMG_6314.JPG,4000,3000,Tape,1141,1274,1363,1677
IMG_6314.JPG,4000,3000,Tape,1895,1121,2089,1496
IMG_6314.JPG,4000,3000,Ball,1137,1282,1778,2032
IMG_6316.JPG,4000,3000,Tape,2282,1661,2556,2145
IMG_6316.JPG,4000,3000,Ball,1956,1532,2605,2411
IMG_6316.JPG,4000,3000,Tape,3004,1411,3133,1827
IMG_6316.JPG,4000,3000,Ball,2657,1177,3190,1927
IMG_6316.JPG,4000,3000,Tape,3399,1218,3609,1597
IMG_6316.JPG,4000,3000,Tape,3798,1060,3923,1395
IMG_6316.JPG,4000,3000,Hatch,0,698,278,1544
IMG_6317.JPG,4000,3000,Ball,2258,2669,2851,3000
IMG_6317.JPG,4000,3000,Tape,3298,2681,3415,3000
IMG_6317.JPG,4000,3000,Tape,3677,2371,3875,2742
IMG_6317.JPG,4000,3000,Ball,2895,2194,3690,2935
IMG_6317.JPG,4000,3000,Hatch,278,1677,520,2476
IMG_6328.JPG,4000,3000,Tape,1173,181,1399,645
IMG_6328.JPG,4000,3000,Tape,2056,181,2319,641
IMG_6328.JPG,4000,3000,Tape,2843,169,3153,633
IMG_6328.JPG,4000,3000,Tape,3762,149,3956,617
IMG_6328.JPG,4000,3000,Ball,1387,387,2190,1194
IMG_6328.JPG,4000,3000,Ball,2722,339,3492,1165
IMG_6338.JPG,4000,3000,Tape,456,1375,681,1806
IMG_6338.JPG,4000,3000,Tape,1323,1363,1597,1798
IMG_6338.JPG,4000,3000,Ball,758,1556,1609,2375
IMG_6338.JPG,4000,3000,Tape,3556,1355,3843,1774
IMG_6338.JPG,4000,3000,Hatch,3331,1673,4000,2895
IMG_6339.JPG,4000,3000,Tape,89,1440,310,1883
IMG_6339.JPG,4000,3000,Tape,976,1435,1270,1887
IMG_6339.JPG,4000,3000,Tape,1819,1444,2089,1883
IMG_6339.JPG,4000,3000,Tape,2734,1431,2964,1871
IMG_6339.JPG,4000,3000,Ball,472,1605,1335,2464
IMG_6339.JPG,4000,3000,Ball,1859,1609,2698,2440
IMG_6348.JPG,4000,3000,Tape,0,2452,121,2802
IMG_6348.JPG,4000,3000,Tape,718,2423,1032,2782
IMG_6348.JPG,4000,3000,Ball,371,2250,1157,3000
IMG_6348.JPG,4000,3000,Tape,1548,2415,1782,2762
IMG_6348.JPG,4000,3000,Tape,2403,2379,2645,2742
IMG_6348.JPG,4000,3000,Ball,1694,2222,2464,2992
IMG_6360.JPG,4000,3000,Tape,488,2504,702,2649
IMG_6360.JPG,4000,3000,Tape,1367,2544,1702,2702
IMG_6360.JPG,4000,3000,Hatch,532,2613,1899,2976
IMG_6374.JPG,4000,3000,Tape,1669,2867,1948,2996
IMG_6374.JPG,4000,3000,Tape,2637,2839,2835,2992
IMG_6374.JPG,4000,3000,Tape,3355,2778,3778,2931
IMG_6374.JPG,4000,3000,Ball,3020,1964,3927,2786
IMG_6375.JPG,4000,3000,Tape,77,2677,343,2827
IMG_6375.JPG,4000,3000,Tape,956,2690,1315,2847
IMG_6375.JPG,4000,3000,Hatch,198,2806,1577,2996
IMG_6375.JPG,4000,3000,Tape,1875,2657,2157,2815
IMG_6375.JPG,4000,3000,Tape,2839,2609,3032,2770
IMG_6375.JPG,4000,3000,Tape,3565,2589,4000,2746
IMG_6375.JPG,4000,3000,Ball,1911,1839,2766,2710
IMG_6375.JPG,4000,3000,Ball,3198,1790,4000,2589
IMG_6406.JPG,4000,3000,Hatch,1613,810,2177,1883
IMG_6406.JPG,4000,3000,Ball,536,810,863,1391
IMG_6406.JPG,4000,3000,Ball,149,722,702,1290
IMG_6406.JPG,4000,3000,Ball,4,621,363,1153
IMG_6412.JPG,4000,3000,Ball,3238,762,3996,1774
IMG_6412.JPG,4000,3000,Ball,2262,782,3258,1770
IMG_6412.JPG,4000,3000,Ball,1323,629,2290,1613
IMG_6412.JPG,4000,3000,Ball,371,605,1339,1573
IMG_6412.JPG,4000,3000,Ball,0,524,476,1464
IMG_6413.JPG,4000,3000,Ball,1823,722,2798,1714
IMG_6413.JPG,4000,3000,Ball,851,730,1823,1710
IMG_6413.JPG,4000,3000,Ball,8,605,968,1548
IMG_6448.JPG,4000,3000,Hatch,1242,750,2282,1883
IMG_6448.JPG,4000,3000,Ball,2560,448,3040,1085
IMG_6448.JPG,4000,3000,Ball,2698,331,3202,867
IMG_6448.JPG,4000,3000,Ball,2883,190,3371,673
IMG_6448.JPG,4000,3000,Ball,3089,105,3508,560
IMG_6448.JPG,4000,3000,Ball,3137,4,3560,343
IMG_6449.JPG,4000,3000,Ball,2903,871,3758,1702
IMG_6449.JPG,4000,3000,Ball,3637,843,4000,1613
IMG_6458.JPG,4000,3000,Ball,516,460,1391,1306
IMG_6458.JPG,4000,3000,Ball,1387,476,2218,1306
IMG_6458.JPG,4000,3000,Ball,2185,480,2964,1246
IMG_6458.JPG,4000,3000,Ball,2948,476,3754,1274
IMG_6458.JPG,4000,3000,Ball,3673,484,4000,1278
IMG_6459.JPG,4000,3000,Ball,0,621,355,1440
IMG_6459.JPG,4000,3000,Ball,335,633,1165,1435
IMG_6459.JPG,4000,3000,Ball,1165,609,1923,1379
IMG_6459.JPG,4000,3000,Ball,1923,601,2726,1411
IMG_6459.JPG,4000,3000,Ball,2718,609,3556,1407
IMG_6459.JPG,4000,3000,Ball,3508,536,4000,1359
IMG_6460.JPG,4000,3000,Hatch,3347,339,3972,1665
IMG_6460.JPG,4000,3000,Ball,0,690,754,1468
IMG_6460.JPG,4000,3000,Ball,706,673,1528,1496
IMG_6460.JPG,4000,3000,Ball,1516,661,2347,1496
IMG_6460.JPG,4000,3000,Ball,2347,589,3222,1440
IMG_6461.JPG,4000,3000,Ball,0,762,669,1637
IMG_6461.JPG,4000,3000,Ball,605,641,1520,1532
IMG_6462.JPG,4000,3000,Ball,387,520,1129,1315
IMG_6462.JPG,4000,3000,Ball,0,488,512,1238
IMG_6464.JPG,4000,3000,Hatch,1290,794,2577,1891
IMG_6464.JPG,4000,3000,Ball,1895,169,2347,423
IMG_6464.JPG,4000,3000,Ball,1952,81,2347,294
IMG_6464.JPG,4000,3000,Ball,1923,16,2310,177
IMG_6466.JPG,4000,3000,Tape,2097,0,2270,113
IMG_6466.JPG,4000,3000,Tape,2992,0,3169,93
IMG_6466.JPG,4000,3000,Ball,2149,206,2996,1032
IMG_6466.JPG,4000,3000,Hatch,3464,0,4000,1206
IMG_6467.JPG,4000,3000,Tape,310,0,500,246
IMG_6467.JPG,4000,3000,Tape,1109,0,1319,210
IMG_6467.JPG,4000,3000,Ball,605,327,1391,1117
IMG_6467.JPG,4000,3000,Tape,1810,0,1952,194
IMG_6467.JPG,4000,3000,Tape,2625,0,2823,149
IMG_6467.JPG,4000,3000,Hatch,1601,0,2944,1254
IMG_6467.JPG,4000,3000,Ball,3226,270,3972,1052
IMG_6467.JPG,4000,3000,Tape,3306,0,3488,153
IMG_6468.JPG,4000,3000,Tape,956,0,1113,101
IMG_6468.JPG,4000,3000,Tape,73,0,214,149
IMG_6468.JPG,4000,3000,Hatch,0,0,1242,1242
IMG_6468.JPG,4000,3000,Tape,1609,0,1778,101
IMG_6468.JPG,4000,3000,Tape,2492,0,2653,65
IMG_6468.JPG,4000,3000,Ball,1722,202,2540,1020
IMG_6469.JPG,4000,3000,Tape,60,0,218,117
IMG_6469.JPG,4000,3000,Tape,907,0,1101,109
IMG_6469.JPG,4000,3000,Ball,371,234,1161,1065
IMG_6469.JPG,4000,3000,Tape,3008,0,3181,93
IMG_6469.JPG,4000,3000,Tape,3899,0,4000,101
IMG_6469.JPG,4000,3000,Ball,2940,234,3742,1024
IMG_6472.JPG,4000,3000,Tape,169,0,319,73
IMG_6472.JPG,4000,3000,Tape,831,0,1000,105
IMG_6472.JPG,4000,3000,Tape,1722,0,1895,105
IMG_6472.JPG,4000,3000,Hatch,0,0,516,1278
IMG_6472.JPG,4000,3000,Ball,1032,230,1859,1036
IMG_6474.JPG,4000,3000,Tape,133,609,190,810
IMG_6474.JPG,4000,3000,Tape,310,548,391,786
IMG_6474.JPG,4000,3000,Tape,512,488,589,762
IMG_6474.JPG,4000,3000,Tape,770,395,875,714
IMG_6474.JPG,4000,3000,Ball,815,875,899,1242
IMG_6474.JPG,4000,3000,Hatch,97,702,431,1516
IMG_6474.JPG,4000,3000,Tape,2625,125,2758,528
IMG_6474.JPG,4000,3000,Tape,3540,480,3605,758
IMG_6474.JPG,4000,3000,Tape,3298,395,3383,706
IMG_6474.JPG,4000,3000,Tape,3024,294,3121,637
IMG_6474.JPG,4000,3000,Ball,2585,722,2758,1290
IMG_6474.JPG,4000,3000,Ball,2710,746,3315,1351
IMG_6475.JPG,4000,3000,Tape,2879,0,3052,52
IMG_6475.JPG,4000,3000,Tape,3556,0,3758,145
IMG_6475.JPG,4000,3000,Ball,1786,145,2694,1056
IMG_6475.JPG,4000,3000,Ball,3415,250,4000,1121
IMG_6478.JPG,4000,3000,Tape,512,0,565,258
IMG_6478.JPG,4000,3000,Tape,657,0,714,210
IMG_6478.JPG,4000,3000,Tape,810,0,879,137
IMG_6478.JPG,4000,3000,Tape,1081,0,1141,36
IMG_6478.JPG,4000,3000,Ball,835,310,1149,899
IMG_6478.JPG,4000,3000,Tape,3282,4,3448,351
IMG_6478.JPG,4000,3000,Tape,3742,109,3819,435
IMG_6478.JPG,4000,3000,Hatch,3133,302,3851,1415
IMG_6479.JPG,4000,3000,Hatch,2637,0,4000,1145
IMG_6480.JPG,4000,3000,Tape,1149,0,1347,250
IMG_6480.JPG,4000,3000,Tape,1964,0,2173,238
IMG_6480.JPG,4000,3000,Tape,2677,0,2883,214
IMG_6480.JPG,4000,3000,Tape,3560,0,3770,210
IMG_6480.JPG,4000,3000,Ball,2653,315,3504,1141
IMG_6480.JPG,4000,3000,Hatch,1000,129,2343,1496
IMG_6481.JPG,4000,3000,Tape,323,0,508,202
IMG_6481.JPG,4000,3000,Hatch,0,93,702,1480
IMG_6481.JPG,4000,3000,Tape,996,0,1173,157
IMG_6481.JPG,4000,3000,Tape,1883,0,2081,117
IMG_6481.JPG,4000,3000,Tape,2617,0,2798,65
IMG_6481.JPG,4000,3000,Ball,1270,246,2129,1093
IMG_6481.JPG,4000,3000,Ball,2637,190,3556,1052
IMG_6483.JPG,4000,3000,Tape,56,0,262,97
IMG_6483.JPG,4000,3000,Ball,0,254,375,1109
IMG_6483.JPG,4000,3000,Hatch,2165,0,3577,1363
IMG_6483.JPG,4000,3000,Ball,3823,190,4000,996
IMG_6484.JPG,4000,3000,Tape,367,0,577,298
IMG_6484.JPG,4000,3000,Tape,1169,0,1403,298
IMG_6484.JPG,4000,3000,Tape,1891,0,2109,282
IMG_6484.JPG,4000,3000,Tape,2742,0,2956,270
IMG_6484.JPG,4000,3000,Tape,3444,0,3653,250
IMG_6484.JPG,4000,3000,Hatch,214,169,1589,1552
IMG_6484.JPG,4000,3000,Ball,1968,423,2762,1190
IMG_6484.JPG,4000,3000,Hatch,3298,52,4000,1435
IMG_6485.JPG,4000,3000,Ball,65,206,891,1052
IMG_6485.JPG,4000,3000,Hatch,1198,0,2698,1343
IMG_6488.JPG,4000,3000,Hatch,859,323,956,944
IMG_6488.JPG,4000,3000,Tape,1008,89,1060,327
IMG_6488.JPG,4000,3000,Hatch,1073,105,1254,1008
IMG_6488.JPG,4000,3000,Tape,3238,0,3371,121
IMG_6488.JPG,4000,3000,Tape,3710,0,3883,202
IMG_6488.JPG,4000,3000,Ball,3145,315,3911,984
IMG_6488.JPG,4000,3000,Ball,2391,117,2956,940
IMG_6489.JPG,4000,3000,Tape,1117,0,1286,56
IMG_6489.JPG,4000,3000,Tape,2040,0,2218,69
IMG_6489.JPG,4000,3000,Tape,2742,0,2919,81
IMG_6489.JPG,4000,3000,Tape,3681,0,3867,97
IMG_6489.JPG,4000,3000,Ball,1315,165,2161,1012
IMG_6489.JPG,4000,3000,Ball,2665,185,3520,1040
IMG_6490.JPG,4000,3000,Tape,81,4,214,294
IMG_6490.JPG,4000,3000,Tape,577,0,726,286
IMG_6490.JPG,4000,3000,Tape,1077,0,1238,246
IMG_6490.JPG,4000,3000,Tape,1770,0,1956,218
IMG_6490.JPG,4000,3000,Ball,444,359,1194,1052
IMG_6490.JPG,4000,3000,Ball,1427,315,2000,1129
IMG_6490.JPG,4000,3000,Hatch,3242,476,3379,1218
IMG_6491.JPG,4000,3000,Tape,2565,0,2702,242
IMG_6491.JPG,4000,3000,Tape,3060,0,3161,319
IMG_6491.JPG,4000,3000,Tape,3399,56,3528,319
IMG_6491.JPG,4000,3000,Tape,3738,133,3815,379
IMG_6491.JPG,4000,3000,Hatch,3282,185,3835,1173
IMG_6491.JPG,4000,3000,Ball,2496,315,2839,1008
IMG_6492.JPG,4000,3000,Tape,1048,2028,1351,2504
IMG_6492.JPG,4000,3000,Tape,2419,2169,2831,2633
IMG_6492.JPG,4000,3000,Ball,1488,1492,2669,2710
IMG_6492.JPG,4000,3000,Ball,3488,1601,4000,2214
IMG_6492.JPG,4000,3000,Tape,3730,2391,4000,2738
IMG_6493.JPG,4000,3000,Tape,48,2085,657,2548
IMG_6493.JPG,4000,3000,Ball,0,1440,903,2665
IMG_6493.JPG,4000,3000,Tape,1504,2117,1891,2589
IMG_6493.JPG,4000,3000,Tape,3000,2198,3347,2661
IMG_6493.JPG,4000,3000,Ball,1750,1512,2907,2746
IMG_6494.JPG,4000,3000,Ball,0,2827,645,3000
IMG_6494.JPG,4000,3000,Ball,1895,2923,2536,3000
IMG_6495.JPG,4000,3000,Ball,1089,2685,2190,3000
IMG_6495.JPG,4000,3000,Ball,3161,2524,4000,3000
IMG_6498.JPG,4000,3000,Tape,806,1694,1085,2024
IMG_6498.JPG,4000,3000,Ball,0,1052,637,1657
IMG_6498.JPG,4000,3000,Tape,2097,1746,2464,2153
IMG_6498.JPG,4000,3000,Tape,3262,1819,3843,2230
IMG_6498.JPG,4000,3000,Hatch,637,1875,2569,2871
IMG_6498.JPG,4000,3000,Ball,3093,1190,4000,2371
IMG_6499.JPG,4000,3000,Hatch,0,1823,790,2681
IMG_6499.JPG,4000,3000,Tape,0,1560,403,1948
IMG_6499.JPG,4000,3000,Tape,1181,1585,1484,1996
IMG_6499.JPG,4000,3000,Tape,2484,1625,2827,2032
IMG_6499.JPG,4000,3000,Ball,1464,976,2621,2141
IMG_6500.JPG,4000,3000,Tape,77,1734,399,2149
IMG_6500.JPG,4000,3000,Tape,1359,1798,1815,2206
IMG_6500.JPG,4000,3000,Ball,677,1097,1875,2294
IMG_6502.JPG,4000,3000,Tape,1649,1500,2056,1956
IMG_6502.JPG,4000,3000,Tape,3121,1536,3407,1980
IMG_6502.JPG,4000,3000,Hatch,3649,2105,4000,2774
IMG_6502.JPG,4000,3000,Ball,1835,915,2988,2105
IMG_6503.JPG,4000,3000,Tape,444,1367,746,1839
IMG_6503.JPG,4000,3000,Tape,1847,1427,2266,1891
IMG_6503.JPG,4000,3000,Tape,3113,1440,3698,1895
IMG_6503.JPG,4000,3000,Ball,980,782,2181,2004
IMG_6503.JPG,4000,3000,Hatch,2714,1734,4000,2734
IMG_6504.JPG,4000,3000,Tape,109,1887,738,2339
IMG_6504.JPG,4000,3000,Ball,0,1161,927,2411
IMG_6504.JPG,4000,3000,Tape,1625,1879,2052,2310
IMG_6504.JPG,4000,3000,Tape,3173,1883,3464,2302
IMG_6504.JPG,4000,3000,Hatch,1448,2141,3552,3000
IMG_6505.JPG,4000,3000,Tape,194,2044,524,2460
IMG_6505.JPG,4000,3000,Tape,1649,2069,2129,2484
IMG_6505.JPG,4000,3000,Hatch,242,2310,2411,2996
IMG_6505.JPG,4000,3000,Tape,3032,2085,3657,2516
IMG_6505.JPG,4000,3000,Ball,2786,1290,4000,2560
IMG_6506.JPG,4000,3000,Tape,0,1915,540,2319
IMG_6506.JPG,4000,3000,Tape,1427,1919,1831,2359
IMG_6506.JPG,4000,3000,Tape,3008,1935,3347,2367
IMG_6506.JPG,4000,3000,Hatch,0,2202,1089,3000
IMG_6506.JPG,4000,3000,Ball,1665,1113,2948,2391
IMG_6507.JPG,4000,3000,Tape,109,1802,468,2250
IMG_6507.JPG,4000,3000,Tape,1613,1867,2097,2298
IMG_6507.JPG,4000,3000,Ball,742,1044,2036,2331
IMG_6508.JPG,4000,3000,Tape,472,1649,1085,2121
IMG_6508.JPG,4000,3000,Ball,137,931,1331,2181
IMG_6511.JPG,4000,3000,Tape,0,964,169,1351
IMG_6511.JPG,4000,3000,Tape,415,1266,581,1762
IMG_6511.JPG,4000,3000,Ball,411,746,1198,1665
IMG_6511.JPG,4000,3000,Tape,1040,1859,1343,2480
IMG_6511.JPG,4000,3000,Ball,1306,1395,1794,2226
IMG_6513.JPG,4000,3000,Tape,3036,2113,3585,2589
IMG_6513.JPG,4000,3000,Ball,2871,1552,4000,2819
IMG_6514.JPG,4000,3000,Tape,1915,2073,2375,2605
IMG_6514.JPG,4000,3000,Tape,3331,1718,3589,2214
IMG_6514.JPG,4000,3000,Ball,3226,1020,4000,1734
IMG_6514.JPG,4000,3000,Ball,1637,1403,2859,2613
IMG_6515.JPG,4000,3000,Tape,399,2044,710,2536
IMG_6515.JPG,4000,3000,Tape,1863,2008,2302,2492
IMG_6515.JPG,4000,3000,Tape,3157,1940,3746,2427
IMG_6515.JPG,4000,3000,Ball,871,1464,2097,2677
IMG_6515.JPG,4000,3000,Ball,2911,1359,4000,2601
IMG_6517.JPG,4000,3000,Ball,0,2323,1141,3000
IMG_6517.JPG,4000,3000,Ball,1774,2734,2770,3000
IMG_6518.JPG,4000,3000,Ball,2903,2669,4000,3000
IMG_6519.JPG,4000,3000,Tape,883,895,964,1379
IMG_6519.JPG,4000,3000,Tape,1242,1496,1419,2157
IMG_6519.JPG,4000,3000,Ball,1488,1254,1952,1919
IMG_6519.JPG,4000,3000,Ball,944,552,1750,1399
IMG_6520.JPG,4000,3000,Hatch,3484,2423,4000,3000
IMG_6522.JPG,4000,3000,Tape,762,2262,1085,2742
IMG_6522.JPG,4000,3000,Tape,2177,2367,2593,2847
IMG_6522.JPG,4000,3000,Tape,3496,2423,4000,2875
IMG_6522.JPG,4000,3000,Hatch,706,2702,2581,3000
IMG_6522.JPG,4000,3000,Ball,3266,1754,4000,3000
IMG_6523.JPG,4000,3000,Tape,149,2254,750,2722
IMG_6523.JPG,4000,3000,Hatch,0,2605,1032,3000
IMG_6523.JPG,4000,3000,Tape,1617,2278,2016,2734
IMG_6523.JPG,4000,3000,Tape,3117,2286,3448,2754
IMG_6523.JPG,4000,3000,Ball,1823,1677,3008,2940
IMG_6524.JPG,4000,3000,Tape,0,2315,254,2766
IMG_6524.JPG,4000,3000,Tape,1363,2238,1867,2718
IMG_6524.JPG,4000,3000,Tape,2766,2206,3327,2681
IMG_6524.JPG,4000,3000,Ball,552,1617,1839,2911
IMG_6524.JPG,4000,3000,Ball,2560,1556,3867,2819
IMG_6525.JPG,4000,3000,Tape,605,2379,935,2851
IMG_6525.JPG,4000,3000,Tape,2125,2315,2532,2790
IMG_6525.JPG,4000,3000,Ball,1073,1669,2286,2972
IMG_6527.JPG,4000,3000,Tape,1992,2323,2500,2815
IMG_6527.JPG,4000,3000,Tape,3629,2310,3972,2802
IMG_6527.JPG,4000,3000,Hatch,1940,2698,3899,3000
IMG_6528.JPG,4000,3000,Tape,371,2294,681,2770
IMG_6528.JPG,4000,3000,Tape,1831,2351,2278,2819
IMG_6528.JPG,4000,3000,Tape,3181,2355,3786,2831
IMG_6528.JPG,4000,3000,Hatch,375,2698,2335,3000
IMG_6528.JPG,4000,3000,Ball,2927,1698,4000,2927
IMG_6529.JPG,4000,3000,Tape,32,2492,710,2972
IMG_6529.JPG,4000,3000,Tape,1653,2452,2105,2915
IMG_6529.JPG,4000,3000,Tape,3327,2371,3629,2835
IMG_6529.JPG,4000,3000,Ball,1806,1669,3065,2956
IMG_6530.JPG,4000,3000,Tape,379,2520,726,2988
IMG_6530.JPG,4000,3000,Tape,2004,2403,2452,2883
IMG_6530.JPG,4000,3000,Tape,3363,2315,4000,2778
IMG_6530.JPG,4000,3000,Hatch,3125,2621,4000,3000
IMG_6530.JPG,4000,3000,Ball,899,1649,2165,2968
IMG_6531.JPG,4000,3000,Tape,306,2528,968,2980
IMG_6531.JPG,4000,3000,Tape,1935,2552,2456,2992
IMG_6531.JPG,4000,3000,Tape,3722,2621,4000,3000
IMG_6531.JPG,4000,3000,Ball,0,1673,1214,2960
IMG_6533.JPG,4000,3000,Tape,226,2536,879,2988
IMG_6535.JPG,4000,3000,Ball,2512,726,3444,1665
IMG_6536.JPG,4000,3000,Ball,0,2399,589,3000
IMG_6537.JPG,4000,3000,Ball,0,1823,677,2782
IMG_6538.JPG,4000,3000,Ball,2117,2770,3040,3000
IMG_6539.JPG,4000,3000,Ball,1460,2863,2177,3000
IMG_6540.JPG,4000,3000,Ball,0,2677,1065,3000
IMG_6543.JPG,4000,3000,Tape,532,2391,1016,2734
IMG_6543.JPG,4000,3000,Tape,1806,1996,2246,2427
IMG_6543.JPG,4000,3000,Tape,2927,1677,3185,2060
IMG_6543.JPG,4000,3000,Hatch,0,2710,1210,3000
IMG_6543.JPG,4000,3000,Ball,1464,1246,2504,2379
IMG_6544.JPG,4000,3000,Tape,1363,1621,1548,2040
IMG_6544.JPG,4000,3000,Tape,2230,2056,2597,2536
IMG_6544.JPG,4000,3000,Tape,3403,2633,3935,2919
IMG_6544.JPG,4000,3000,Ball,1944,1431,3048,2540
IMG_6545.JPG,4000,3000,Ball,0,2597,597,3000
IMG_6545.JPG,4000,3000,Ball,3419,2766,4000,3000
IMG_6546.JPG,4000,3000,Ball,1496,2601,2556,3000
IMG_6547.JPG,4000,3000,Ball,266,2609,1383,3000
IMG_6548.JPG,4000,3000,Ball,2226,2520,3363,3000
IMG_6549.JPG,4000,3000,Ball,1415,2605,2504,3000
IMG_6550.JPG,4000,3000,Ball,0,2601,798,3000
IMG_6550.JPG,4000,3000,Ball,3810,2552,4000,3000
IMG_6551.JPG,4000,3000,Ball,1673,2565,2839,3000
IMG_6552.JPG,4000,3000,Tape,3069,2371,3258,2774
IMG_6552.JPG,4000,3000,Tape,2286,2851,2504,3000
IMG_6552.JPG,4000,3000,Ball,1625,2145,2593,3000
IMG_6553.JPG,4000,3000,Tape,746,2262,911,2677
IMG_6553.JPG,4000,3000,Tape,1516,2714,1774,3000
IMG_6553.JPG,4000,3000,Ball,1383,2101,2310,2996
IMG_6554.JPG,4000,3000,Ball,714,2653,1847,3000
IMG_6555.JPG,4000,3000,Ball,2810,1645,3633,2544
IMG_6556.JPG,4000,3000,Tape,694,2556,940,3000
IMG_6556.JPG,4000,3000,Ball,1403,2165,2581,3000
IMG_6556.JPG,4000,3000,Ball,3339,2589,4000,3000
IMG_6557.JPG,4000,3000,Ball,0,2871,815,3000
IMG_6557.JPG,4000,3000,Ball,1690,2202,2927,3000
IMG_6557.JPG,4000,3000,Tape,3403,2524,3613,3000
IMG_6558.JPG,4000,3000,Ball,0,2274,996,3000
IMG_6558.JPG,4000,3000,Ball,3387,1270,4000,1972
IMG_6558.JPG,4000,3000,Ball,3585,883,4000,1464
IMG_6559.JPG,4000,3000,Ball,3827,2274,3996,2843
IMG_6561.JPG,4000,3000,Ball,2274,2722,3266,3000
IMG_6562.JPG,4000,3000,Ball,923,2815,1802,3000
IMG_6562.JPG,4000,3000,Ball,2661,2617,3754,3000
IMG_6563.JPG,4000,3000,Tape,3089,2492,3266,2923
IMG_6563.JPG,4000,3000,Ball,1500,2266,2633,3000
IMG_6564.JPG,4000,3000,Tape,839,2319,984,2734
IMG_6564.JPG,4000,3000,Tape,1565,2851,1782,3000
IMG_6564.JPG,4000,3000,Hatch,806,2766,1423,3000
IMG_6568.JPG,4000,3000,Ball,2198,2835,2984,3000
IMG_6569.JPG,4000,3000,Ball,1335,2903,1996,3000
IMG_6570.JPG,4000,3000,Tape,230,2218,456,2637
IMG_6570.JPG,4000,3000,Tape,927,2702,1210,3000
IMG_6570.JPG,4000,3000,Hatch,347,2657,1020,3000
IMG_6570.JPG,4000,3000,Ball,2758,2790,3758,3000
IMG_6571.JPG,4000,3000,Ball,0,2867,766,3000
IMG_6571.JPG,4000,3000,Tape,3327,2508,3528,2915
IMG_6573.JPG,4000,3000,Ball,3230,2000,4000,3000
IMG_6573.JPG,4000,3000,Ball,0,1617,403,2278
IMG_6574.JPG,4000,3000,Tape,3407,427,3629,875
IMG_6574.JPG,4000,3000,Ball,3323,863,3827,1641
IMG_6575.JPG,4000,3000,Tape,2125,399,2375,859
IMG_6575.JPG,4000,3000,Tape,2980,427,3173,871
IMG_6575.JPG,4000,3000,Tape,3645,452,3875,802
IMG_6575.JPG,4000,3000,Hatch,3415,605,4000,1915
IMG_6575.JPG,4000,3000,Ball,2044,823,2871,1657
IMG_6576.JPG,4000,3000,Tape,742,589,980,1044
IMG_6576.JPG,4000,3000,Tape,1617,593,1875,1052
IMG_6576.JPG,4000,3000,Tape,2395,597,2629,1044
IMG_6576.JPG,4000,3000,Tape,3202,605,3431,1008
IMG_6576.JPG,4000,3000,Tape,3895,661,4000,1036
IMG_6576.JPG,4000,3000,Ball,944,1000,1827,1863
IMG_6576.JPG,4000,3000,Hatch,2181,750,3528,2137
IMG_6577.JPG,4000,3000,Tape,161,355,456,815
IMG_6577.JPG,4000,3000,Tape,996,355,1222,802
IMG_6577.JPG,4000,3000,Tape,1823,359,2077,774
IMG_6577.JPG,4000,3000,Ball,0,790,552,1633
IMG_6577.JPG,4000,3000,Hatch,782,500,2194,1907
IMG_6577.JPG,4000,3000,Tape,2589,371,2831,798
IMG_6577.JPG,4000,3000,Tape,3387,363,3609,798
IMG_6577.JPG,4000,3000,Ball,2508,766,3306,1593
IMG_6579.JPG,4000,3000,Tape,0,395,218,847
IMG_6579.JPG,4000,3000,Tape,810,399,1077,843
IMG_6579.JPG,4000,3000,Tape,3052,419,3315,859
IMG_6579.JPG,4000,3000,Tape,3911,448,4000,887
IMG_6579.JPG,4000,3000,Ball,310,819,1149,1665
IMG_6579.JPG,4000,3000,Ball,2968,859,3774,1677
IMG_6580.JPG,4000,3000,Tape,1484,435,1746,895
IMG_6580.JPG,4000,3000,Tape,2363,444,2621,911
IMG_6580.JPG,4000,3000,Tape,3141,452,3403,887
IMG_6580.JPG,4000,3000,Ball,1617,867,2480,1726
IMG_6580.JPG,4000,3000,Hatch,2988,685,4000,2093
IMG_6581.JPG,4000,3000,Tape,0,319,222,782
IMG_6581.JPG,4000,3000,Tape,851,323,1129,790
IMG_6581.JPG,4000,3000,Tape,1665,335,1923,782
IMG_6581.JPG,4000,3000,Tape,2528,339,2786,774
IMG_6581.JPG,4000,3000,Tape,3290,343,3556,798
IMG_6581.JPG,4000,3000,Ball,3190,770,3944,1613
IMG_6581.JPG,4000,3000,Hatch,1520,569,2960,2000
IMG_6581.JPG,4000,3000,Ball,359,770,1210,1625
IMG_6582.JPG,4000,3000,Tape,319,464,556,903
IMG_6582.JPG,4000,3000,Tape,1173,460,1444,899
IMG_6582.JPG,4000,3000,Tape,1972,468,2230,927
IMG_6582.JPG,4000,3000,Tape,2843,468,3093,919
IMG_6582.JPG,4000,3000,Ball,1988,899,2843,1746
IMG_6582.JPG,4000,3000,Hatch,181,698,1645,2145
IMG_6584.JPG,4000,3000,Tape,556,472,823,923
IMG_6584.JPG,4000,3000,Ball,202,899,899,1734
IMG_6585.JPG,4000,3000,Tape,0,585,73,847
IMG_6585.JPG,4000,3000,Tape,242,573,347,847
IMG_6585.JPG,4000,3000,Tape,524,552,633,871
IMG_6585.JPG,4000,3000,Tape,879,516,1012,867
IMG_6585.JPG,4000,3000,Ball,863,931,1048,1484
IMG_6585.JPG,4000,3000,Hatch,0,718,423,1617
IMG_6585.JPG,4000,3000,Tape,3113,496,3226,919
IMG_6585.JPG,4000,3000,Tape,3407,589,3468,952
IMG_6585.JPG,4000,3000,Tape,3581,633,3649,964
IMG_6585.JPG,4000,3000,Tape,3754,677,3786,972
IMG_6585.JPG,4000,3000,Ball,3044,919,3399,1565
IMG_6586.JPG,4000,3000,Hatch,278,758,464,1536
IMG_6586.JPG,4000,3000,Tape,2117,435,2327,887
IMG_6586.JPG,4000,3000,Tape,2746,520,2911,919
IMG_6586.JPG,4000,3000,Tape,3198,565,3351,927
IMG_6586.JPG,4000,3000,Tape,3637,609,3726,935
IMG_6586.JPG,4000,3000,Ball,2048,923,2512,1694
IMG_6586.JPG,4000,3000,Ball,2645,927,3359,1565
IMG_6587.JPG,4000,3000,Tape,847,633,1113,1101
IMG_6587.JPG,4000,3000,Tape,1706,694,1923,1113
IMG_6587.JPG,4000,3000,Tape,2351,726,2548,1125
IMG_6587.JPG,4000,3000,Tape,2968,766,3117,1129
IMG_6587.JPG,4000,3000,Ball,2286,1097,2774,1831
IMG_6587.JPG,4000,3000,Ball,794,1093,1661,1919
IMG_6588.JPG,4000,3000,Tape,565,476,806,919
IMG_6588.JPG,4000,3000,Tape,1399,520,1645,948
IMG_6588.JPG,4000,3000,Tape,2145,536,2395,960
IMG_6588.JPG,4000,3000,Tape,2948,556,3169,972
IMG_6588.JPG,4000,3000,Ball,2097,923,2907,1742
IMG_6588.JPG,4000,3000,Ball,794,935,1625,1730
IMG_6589.JPG,4000,3000,Tape,1032,669,1198,1032
IMG_6589.JPG,4000,3000,Tape,1601,681,1782,1060
IMG_6589.JPG,4000,3000,Tape,2190,669,2431,1089
IMG_6589.JPG,4000,3000,Tape,2996,673,3242,1133
IMG_6589.JPG,4000,3000,Ball,2427,1069,3274,1919
IMG_6589.JPG,4000,3000,Ball,1347,1060,1823,1754
IMG_6590.JPG,4000,3000,Tape,593,605,677,911
IMG_6590.JPG,4000,3000,Tape,871,581,976,935
IMG_6590.JPG,4000,3000,Tape,1194,560,1319,944
IMG_6590.JPG,4000,3000,Tape,1645,508,1815,964
IMG_6590.JPG,4000,3000,Ball,923,931,1581,1569
IMG_6590.JPG,4000,3000,Ball,1556,984,1863,1714
IMG_6590.JPG,4000,3000,Tape,3613,633,3730,980
IMG_6590.JPG,4000,3000,Tape,3915,657,3972,968
IMG_6590.JPG,4000,3000,Hatch,3532,895,4000,1919
IMG_6591.JPG,4000,3000,Ball,802,935,1060,1528
IMG_6591.JPG,4000,3000,Tape,460,625,496,911
IMG_6591.JPG,4000,3000,Tape,577,609,645,940
IMG_6591.JPG,4000,3000,Tape,738,585,790,948
IMG_6591.JPG,4000,3000,Tape,940,540,1040,964
IMG_6591.JPG,4000,3000,Tape,3230,621,3391,996
IMG_6591.JPG,4000,3000,Tape,3710,645,3806,988
IMG_6591.JPG,4000,3000,Hatch,3113,899,3851,2004
IMG_6592.JPG,4000,3000,Tape,2375,633,2609,1032
IMG_6592.JPG,4000,3000,Tape,3081,677,3254,1048
IMG_6592.JPG,4000,3000,Tape,3601,710,3806,1065
IMG_6592.JPG,4000,3000,Ball,3504,1060,3923,1702
IMG_6592.JPG,4000,3000,Hatch,2210,940,3339,2157
IMG_6593.JPG,4000,3000,Tape,1581,528,1827,927
IMG_6593.JPG,4000,3000,Tape,2359,552,2569,960
IMG_6593.JPG,4000,3000,Tape,3012,589,3254,984
IMG_6593.JPG,4000,3000,Tape,3762,625,3931,1004
IMG_6593.JPG,4000,3000,Ball,2919,944,3601,1690
IMG_6593.JPG,4000,3000,Hatch,1419,839,2690,2093
IMG_6594.JPG,4000,3000,Tape,173,520,383,919
IMG_6594.JPG,4000,3000,Tape,911,516,1153,923
IMG_6594.JPG,4000,3000,Tape,1605,520,1823,911
IMG_6594.JPG,4000,3000,Tape,2339,528,2556,915
IMG_6594.JPG,4000,3000,Tape,2992,536,3210,911
IMG_6594.JPG,4000,3000,Tape,3718,532,3891,903
IMG_6594.JPG,4000,3000,Hatch,56,810,1319,2044
IMG_6594.JPG,4000,3000,Ball,1661,879,2411,1621
IMG_6594.JPG,4000,3000,Ball,2919,879,3569,1593
IMG_6595.JPG,4000,3000,Tape,105,552,310,948
IMG_6595.JPG,4000,3000,Tape,863,556,1105,952
IMG_6595.JPG,4000,3000,Tape,1556,565,1782,956
IMG_6595.JPG,4000,3000,Tape,2310,560,2516,948
IMG_6595.JPG,4000,3000,Ball,1613,923,2351,1645
IMG_6595.JPG,4000,3000,Ball,371,911,1177,1665
IMG_6596.JPG,4000,3000,Tape,206,516,427,935
IMG_6596.JPG,4000,3000,Tape,996,524,1230,935
IMG_6596.JPG,4000,3000,Ball,464,895,1286,1653
IMG_6596.JPG,4000,3000,Tape,2952,565,3185,948
IMG_6596.JPG,4000,3000,Tape,3673,605,3863,976
IMG_6596.JPG,4000,3000,Hatch,2786,859,3968,2052
IMG_6597.JPG,4000,3000,Tape,1532,649,1750,1060
IMG_6597.JPG,4000,3000,Tape,2298,673,2520,1073
IMG_6597.JPG,4000,3000,Hatch,1387,944,2665,2210
IMG_6597.JPG,4000,3000,Tape,2968,673,3206,1065
IMG_6597.JPG,4000,3000,Tape,3730,677,3923,1073
IMG_6597.JPG,4000,3000,Ball,2915,1036,3593,1770
IMG_6598.JPG,4000,3000,Tape,0,565,101,984
IMG_6598.JPG,4000,3000,Tape,681,573,935,1004
IMG_6598.JPG,4000,3000,Tape,1427,585,1661,1004
IMG_6598.JPG,4000,3000,Tape,2222,581,2460,1000
IMG_6598.JPG,4000,3000,Tape,2915,597,3157,992
IMG_6598.JPG,4000,3000,Tape,3673,609,3879,984
IMG_6598.JPG,4000,3000,Hatch,0,867,1121,2194
IMG_6598.JPG,4000,3000,Ball,1524,976,2298,1734
IMG_6598.JPG,4000,3000,Hatch,2758,810,4000,2069
IMG_6599.JPG,4000,3000,Tape,0,472,181,907
IMG_6599.JPG,4000,3000,Tape,790,468,1056,899
IMG_6599.JPG,4000,3000,Tape,1552,476,1798,887
IMG_6599.JPG,4000,3000,Tape,2375,476,2605,879
IMG_6599.JPG,4000,3000,Ball,310,879,1129,1673
IMG_6599.JPG,4000,3000,Hatch,1407,706,2762,2040
IMG_6600.JPG,4000,3000,Tape,52,508,262,927
IMG_6600.JPG,4000,3000,Tape,863,500,1125,919
IMG_6600.JPG,4000,3000,Hatch,0,742,1327,2097
IMG_6601.JPG,4000,3000,Tape,60,452,202,819
IMG_6601.JPG,4000,3000,Tape,653,431,875,819
IMG_6601.JPG,4000,3000,Hatch,0,649,1032,1875
IMG_6602.JPG,4000,3000,Tape,210,565,331,855
IMG_6602.JPG,4000,3000,Tape,532,548,625,851
IMG_6602.JPG,4000,3000,Tape,903,528,1036,871
IMG_6602.JPG,4000,3000,Hatch,472,730,1145,1774
IMG_6602.JPG,4000,3000,Tape,3157,516,3254,927
IMG_6602.JPG,4000,3000,Tape,3544,585,3617,907
IMG_6602.JPG,4000,3000,Tape,3407,560,3452,927
IMG_6602.JPG,4000,3000,Ball,3105,883,3367,1488
IMG_6603.JPG,4000,3000,Hatch,222,734,399,1363
IMG_6603.JPG,4000,3000,Hatch,633,710,948,1617
IMG_6603.JPG,4000,3000,Tape,2375,504,2565,923
IMG_6603.JPG,4000,3000,Tape,2931,556,3056,923
IMG_6603.JPG,4000,3000,Tape,3315,593,3468,919
IMG_6603.JPG,4000,3000,Tape,3706,613,3790,931
IMG_6603.JPG,4000,3000,Ball,2310,923,2677,1625
IMG_6603.JPG,4000,3000,Ball,2746,911,3415,1516
IMG_6604.JPG,4000,3000,Tape,1621,810,1839,1214
IMG_6604.JPG,4000,3000,Tape,2347,835,2548,1226
IMG_6604.JPG,4000,3000,Tape,2940,855,3113,1210
IMG_6604.JPG,4000,3000,Tape,3516,875,3665,1214
IMG_6604.JPG,4000,3000,Ball,1552,1157,2286,1923
IMG_6604.JPG,4000,3000,Ball,2851,1181,3306,1847
IMG_6605.JPG,4000,3000,Tape,754,802,972,1198
IMG_6605.JPG,4000,3000,Tape,1496,827,1726,1214
IMG_6605.JPG,4000,3000,Tape,2173,835,2399,1214
IMG_6605.JPG,4000,3000,Tape,2919,851,3133,1234
IMG_6605.JPG,4000,3000,Ball,2165,1165,2903,1907
IMG_6605.JPG,4000,3000,Ball,952,1145,1718,1895
IMG_6606.JPG,4000,3000,Tape,476,790,649,1145
IMG_6606.JPG,4000,3000,Tape,1065,802,1262,1177
IMG_6606.JPG,4000,3000,Ball,815,1125,1290,1823
IMG_6606.JPG,4000,3000,Tape,1661,802,1871,1198
IMG_6606.JPG,4000,3000,Tape,2391,806,2613,1230
IMG_6606.JPG,4000,3000,Ball,1895,1149,2649,1923
IMG_6614.JPG,4000,3000,Tape,835,210,915,339
IMG_6614.JPG,4000,3000,Ball,698,302,944,577
IMG_6617.JPG,4000,3000,Tape,40,976,93,1093
IMG_6617.JPG,4000,3000,Tape,234,984,310,1101
IMG_6617.JPG,4000,3000,Tape,798,1000,863,1117
IMG_6617.JPG,4000,3000,Tape,1004,1004,1081,1125
IMG_6617.JPG,4000,3000,Tape,1214,1008,1270,1133
IMG_6617.JPG,4000,3000,Ball,887,1085,1105,1339
IMG_6617.JPG,4000,3000,Ball,157,1069,339,1310
IMG_6618.JPG,4000,3000,Tape,16,1730,81,1847
IMG_6618.JPG,4000,3000,Tape,222,1726,290,1847
IMG_6618.JPG,4000,3000,Ball,121,1806,302,2044
IMG_6618.JPG,4000,3000,Tape,774,1746,843,1859
IMG_6618.JPG,4000,3000,Tape,992,1750,1056,1859
IMG_6618.JPG,4000,3000,Ball,859,1815,1073,2065
IMG_6618.JPG,4000,3000,Hatch,1145,1810,1395,2177
IMG_6621.JPG,4000,3000,Ball,859,2222,1109,2468
IMG_6623.JPG,4000,3000,Hatch,879,2089,1266,2464
IMG_6623.JPG,4000,3000,Ball,565,2073,782,2335
IMG_6637.JPG,4000,3000,Hatch,710,0,1125,238
IMG_6642.JPG,4000,3000,Hatch,2298,1577,2548,1879
IMG_6642.JPG,4000,3000,Tape,2298,1512,2355,1609
IMG_6642.JPG,4000,3000,Tape,2601,1536,2665,1645
IMG_6642.JPG,4000,3000,Tape,2452,1528,2512,1617
IMG_6642.JPG,4000,3000,Tape,2782,1560,2843,1661
IMG_6642.JPG,4000,3000,Ball,2685,1613,2851,1851
IMG_6643.JPG,4000,3000,Tape,2198,746,2242,843
IMG_6643.JPG,4000,3000,Tape,2504,754,2556,867
IMG_6643.JPG,4000,3000,Tape,2355,750,2411,855
IMG_6643.JPG,4000,3000,Tape,2681,766,2738,871
IMG_6643.JPG,4000,3000,Hatch,2177,794,2435,1113
IMG_6643.JPG,4000,3000,Ball,2589,855,2746,1069
IMG_6644.JPG,4000,3000,Tape,2218,2081,2278,2181
IMG_6644.JPG,4000,3000,Tape,2706,2161,2754,2270
IMG_6644.JPG,4000,3000,Tape,2524,2137,2577,2242
IMG_6644.JPG,4000,3000,Tape,2375,2113,2427,2210
IMG_6644.JPG,4000,3000,Hatch,2202,2149,2460,2460
IMG_6644.JPG,4000,3000,Ball,2597,2214,2762,2444
IMG_6644.JPG,4000,3000,Hatch,1306,1988,1476,2218
IMG_6645.JPG,4000,3000,Tape,2508,2520,2565,2621
IMG_6645.JPG,4000,3000,Tape,2690,2548,2750,2653
IMG_6645.JPG,4000,3000,Hatch,2242,2532,2448,2859
IMG_6645.JPG,4000,3000,Tape,2359,2484,2419,2585
IMG_6645.JPG,4000,3000,Ball,2597,2589,2754,2831
IMG_6650.JPG,4000,3000,Tape,1665,2718,1702,2984
IMG_6651.JPG,4000,3000,Tape,1847,1343,1895,1609
IMG_6651.JPG,4000,3000,Tape,1968,1520,2020,1883
IMG_6654.JPG,4000,3000,Tape,125,60,306,476
IMG_6654.JPG,4000,3000,Tape,859,8,1145,415
IMG_6655.JPG,4000,3000,Tape,387,823,448,1125
IMG_6655.JPG,4000,3000,Tape,480,774,597,1141
IMG_6655.JPG,4000,3000,Tape,923,1258,1077,1617
IMG_6655.JPG,4000,3000,Tape,1597,1165,1839,1536
IMG_6656.JPG,4000,3000,Tape,927,1992,1089,2323
IMG_6656.JPG,4000,3000,Tape,1605,1915,1827,2258
IMG_6656.JPG,4000,3000,Tape,387,1367,460,1665
IMG_6656.JPG,4000,3000,Tape,512,1480,613,1823
IMG_6657.JPG,4000,3000,Tape,661,1907,710,2173
IMG_6657.JPG,4000,3000,Tape,766,2081,835,2415
IMG_6657.JPG,4000,3000,Tape,1093,2613,1270,2940
IMG_6657.JPG,4000,3000,Tape,1766,2601,1972,2927
IMG_6657.JPG,4000,3000,Tape,69,1198,113,1278
IMG_6657.JPG,4000,3000,Tape,226,1185,290,1274
IMG_6657.JPG,4000,3000,Hatch,52,1234,323,1484
IMG_6657.JPG,4000,3000,Ball,327,1246,444,1367
IMG_6658.JPG,4000,3000,Tape,351,1992,395,2081
IMG_6658.JPG,4000,3000,Tape,508,1980,556,2069
IMG_6658.JPG,4000,3000,Hatch,323,2024,585,2278
IMG_6658.JPG,4000,3000,Ball,173,2024,306,2157
IMG_6658.JPG,4000,3000,Ball,597,2004,714,2121
IMG_6659.JPG,4000,3000,Ball,149,2387,282,2516
IMG_6659.JPG,4000,3000,Ball,589,2355,702,2480
IMG_6659.JPG,4000,3000,Tape,347,2375,391,2456
IMG_6659.JPG,4000,3000,Tape,496,2359,548,2452
IMG_6659.JPG,4000,3000,Hatch,310,2415,577,2673
IMG_6664.JPG,4000,3000,Tape,1484,2605,1673,2984
IMG_6664.JPG,4000,3000,Tape,2190,2730,2399,3000
IMG_6665.JPG,4000,3000,Tape,2649,1940,2815,2355
IMG_6665.JPG,4000,3000,Tape,3133,1806,3262,2173
IMG_6665.JPG,4000,3000,Tape,2056,1375,2302,1827
IMG_6665.JPG,4000,3000,Tape,1335,1359,1528,1762
IMG_6669.JPG,4000,3000,Tape,141,843,218,1238
IMG_6669.JPG,4000,3000,Tape,500,790,690,1250
IMG_6669.JPG,4000,3000,Tape,956,73,1206,581
IMG_6669.JPG,4000,3000,Tape,1819,117,2073,577
IMG_6671.JPG,4000,3000,Tape,673,2250,774,2605
IMG_6671.JPG,4000,3000,Tape,1065,2423,1222,2839
IMG_6671.JPG,4000,3000,Tape,1524,1899,1770,2339
IMG_6671.JPG,4000,3000,Tape,2315,1810,2532,2222
IMG_6672.JPG,4000,3000,Tape,1577,2815,1774,3000
IMG_6672.JPG,4000,3000,Tape,2310,2681,2512,3000
IMG_6674.JPG,4000,3000,Tape,2831,2859,3008,3000
IMG_6682.JPG,4000,3000,Tape,2710,2435,2919,2863
IMG_6682.JPG,4000,3000,Tape,3286,2290,3427,2677
IMG_6682.JPG,4000,3000,Tape,1452,2770,1633,3000
IMG_6684.JPG,4000,3000,Tape,1109,153,1327,613
IMG_6684.JPG,4000,3000,Tape,1887,121,2141,629
IMG_6684.JPG,4000,3000,Tape,3085,0,3214,65
IMG_6685.JPG,4000,3000,Tape,1468,0,1633,202
IMG_6685.JPG,4000,3000,Tape,2246,0,2435,93
IMG_6686.JPG,4000,3000,Tape,2847,0,3052,319
IMG_6686.JPG,4000,3000,Tape,3742,0,3984,238
IMG_6687.JPG,4000,3000,Tape,2395,1492,2601,1899
IMG_6687.JPG,4000,3000,Tape,3145,1440,3407,1851
IMG_6687.JPG,4000,3000,Tape,3605,895,3629,1258
IMG_6687.JPG,4000,3000,Tape,3694,903,3730,1250
IMG_6688.JPG,4000,3000,Tape,2173,2254,2367,2629
IMG_6688.JPG,4000,3000,Tape,2883,2198,3093,2560
IMG_6688.JPG,4000,3000,Hatch,3472,1290,3573,1435
IMG_6688.JPG,4000,3000,Ball,3887,1395,4000,1528
Photo%20on%2010-22-19%20at%203.19%20PM.jpg,640,426,Ball,323,137,421,232
Photo%20on%2010-22-19%20at%203.25%20PM%20%232.jpg,640,426,Ball,31,259,158,388
Photo%20on%2010-22-19%20at%203.25%20PM.jpg,640,426,Ball,392,121,480,207
Photo%20on%2010-22-19%20at%203.26%20PM%20%232.jpg,640,426,Hatch,0,76,91,225
Photo%20on%2010-22-19%20at%203.26%20PM%20%232.jpg,640,426,Ball,264,159,359,254
Photo%20on%2010-22-19%20at%203.26%20PM%20%234.jpg,640,426,Ball,217,217,328,333
Photo%20on%2010-22-19%20at%203.26%20PM.jpg,640,426,Ball,351,114,432,195
Photo%20on%2010-22-19%20at%203.27%20PM%20%232.jpg,640,426,Ball,189,238,314,364
Photo%20on%2010-22-19%20at%203.27%20PM.jpg,640,426,Ball,351,41,409,99
Photo%20on%2010-22-19%20at%203.28%20PM.jpg,640,426,Ball,223,139,310,226
Photo%20on%2010-22-19%20at%203.29%20PM%20%232.jpg,640,426,Tape,321,139,386,258
Photo%20on%2010-22-19%20at%203.29%20PM%20%232.jpg,640,426,Tape,576,129,640,260
Photo%20on%2010-22-19%20at%203.29%20PM%20%232.jpg,640,426,Tape,208,190,219,258
Photo%20on%2010-22-19%20at%203.29%20PM%20%232.jpg,640,426,Tape,242,244,264,341
Photo%20on%2010-22-19%20at%203.29%20PM%20%233.jpg,640,426,Tape,367,206,468,364
Photo%20on%2010-22-19%20at%203.29%20PM%20%233.jpg,640,426,Tape,249,230,258,310
Photo%20on%2010-22-19%20at%203.29%20PM%20%233.jpg,640,426,Tape,279,318,298,426
Photo%20on%2010-22-19%20at%203.29%20PM.jpg,640,426,Tape,197,55,231,129
Photo%20on%2010-22-19%20at%203.29%20PM.jpg,640,426,Tape,335,44,384,119
Photo%20on%2010-22-19%20at%203.29%20PM.jpg,640,426,Hatch,417,143,476,336
Photo%20on%2010-22-19%20at%203.29%20PM.jpg,640,426,Tape,146,138,167,203
Photo%20on%2010-22-19%20at%203.29%20PM.jpg,640,426,Tape,112,118,125,168
Photo%20on%2010-22-19%20at%203.30%20PM%20%233.jpg,640,426,Tape,452,175,546,321
Photo%20on%2010-22-19%20at%203.30%20PM%20%233.jpg,640,426,Tape,336,208,343,280
Photo%20on%2010-22-19%20at%203.30%20PM%20%233.jpg,640,426,Tape,365,282,378,392
Photo%20on%2010-22-19%20at%203.30%20PM%20%234.jpg,640,426,Tape,0,246,30,328
Photo%20on%2010-22-19%20at%203.30%20PM%20%234.jpg,640,426,Tape,70,116,117,225
Photo%20on%2010-22-19%20at%203.30%20PM%20%234.jpg,640,426,Tape,269,94,337,195
Photo%20on%2010-22-19%20at%203.30%20PM%20%234.jpg,640,426,Hatch,383,199,423,426
Photo%20on%2010-22-19%20at%203.30%20PM.jpg,640,426,Tape,39,198,112,342
Photo%20on%2010-22-19%20at%203.30%20PM.jpg,640,426,Tape,325,153,412,287
Photo%20on%2010-22-19%20at%203.31%20PM%20%232.jpg,640,426,Hatch,227,36,347,157
Photo%20on%2010-22-19%20at%203.31%20PM.jpg,640,426,Hatch,159,222,319,322
Photo%20on%2010-22-19%20at%203.32%20PM%20%232.jpg,640,426,Hatch,393,312,528,393
Photo%20on%2010-22-19%20at%203.32%20PM%20%233.jpg,640,426,Hatch,382,253,500,321
Photo%20on%2010-22-19%20at%203.32%20PM.jpg,640,426,Hatch,413,300,521,357
Photo%20on%2010-22-19%20at%203.33%20PM.jpg,640,426,Hatch,329,286,439,336
Photo%20on%2010-22-19%20at%203.34%20PM%20%232.jpg,640,426,Hatch,187,133,317,263
Photo%20on%2010-22-19%20at%203.34%20PM%20%233.jpg,640,426,Hatch,244,246,381,384
Photo%20on%2010-22-19%20at%203.34%20PM%20%234.jpg,640,426,Hatch,251,282,390,423
Photo%20on%2010-22-19%20at%203.36%20PM%20%233.jpg,640,426,Tape,370,120,387,155
Photo%20on%2010-22-19%20at%203.36%20PM%20%233.jpg,640,426,Tape,428,121,448,155
Photo%20on%2010-22-19%20at%203.36%20PM%20%233.jpg,640,426,Hatch,308,171,417,274
Photo%20on%2010-22-19%20at%203.36%20PM.jpg,640,426,Tape,402,117,418,147
Photo%20on%2010-22-19%20at%203.36%20PM.jpg,640,426,Tape,458,117,480,148
Photo%20on%2010-22-19%20at%203.36%20PM.jpg,640,426,Hatch,386,131,495,238
Photo%20on%2010-22-19%20at%203.37%20PM%20%233.jpg,640,426,Tape,448,159,473,207
Photo%20on%2010-22-19%20at%203.37%20PM%20%233.jpg,640,426,Tape,532,163,562,211
Photo%20on%2010-22-19%20at%203.37%20PM.jpg,640,426,Tape,423,120,441,156
Photo%20on%2010-22-19%20at%203.37%20PM.jpg,640,426,Tape,483,122,505,157
Photo%20on%2010-22-19%20at%203.38%20PM.jpg,640,426,Tape,478,141,515,222
Photo%20on%2010-22-19%20at%203.38%20PM.jpg,640,426,Tape,595,121,624,193
Photo%20on%2010-22-19%20at%203.38%20PM.jpg,640,426,Tape,264,222,288,287
Photo%20on%2010-22-19%20at%203.38%20PM.jpg,640,426,Tape,367,244,408,312
WIN_20190923_16_51_29_Pro.jpg,1280,720,Hatch,601,270,834,491
WIN_20190923_16_51_37_Pro.jpg,1280,720,Hatch,706,245,986,527
WIN_20190923_16_51_42_Pro.jpg,1280,720,Hatch,594,138,828,569
WIN_20190923_16_51_46_Pro.jpg,1280,720,Hatch,418,106,617,563
WIN_20190923_16_51_50_Pro.jpg,1280,720,Hatch,400,219,746,573
WIN_20190923_16_51_54_Pro.jpg,1280,720,Hatch,346,225,546,496
WIN_20190923_16_51_56_Pro.jpg,1280,720,Hatch,646,156,794,449
WIN_20190923_16_52_00_Pro.jpg,1280,720,Hatch,546,45,684,490
WIN_20190923_16_52_06_Pro.jpg,1280,720,Hatch,202,192,949,720
WIN_20190923_16_52_13_Pro.jpg,1280,720,Hatch,354,240,899,720
WIN_20190923_16_52_25_Pro.jpg,1280,720,Hatch,532,374,943,471
WIN_20190923_16_52_30_Pro.jpg,1280,720,Hatch,510,337,856,437
WIN_20190923_16_52_35_Pro.jpg,1280,720,Hatch,512,289,824,356
WIN_20190923_16_52_37_Pro.jpg,1280,720,Hatch,353,377,932,540
WIN_20190923_16_52_40_Pro.jpg,1280,720,Hatch,138,402,1150,720
WIN_20190923_16_52_59_Pro.jpg,1280,720,Hatch,603,263,780,297
WIN_20190923_16_54_29_Pro.jpg,1280,720,Ball,614,198,705,286
WIN_20190923_16_54_31_Pro.jpg,1280,720,Ball,633,126,751,240
WIN_20190923_16_54_34_Pro.jpg,1280,720,Ball,597,240,768,405
WIN_20190923_16_54_36_Pro.jpg,1280,720,Ball,545,172,738,359
WIN_20190923_16_54_39_Pro.jpg,1280,720,Ball,726,203,929,405
WIN_20190923_16_54_40_Pro.jpg,1280,720,Ball,677,162,866,350
WIN_20190923_16_54_42_Pro.jpg,1280,720,Ball,625,239,853,466
WIN_20190923_16_54_43_Pro.jpg,1280,720,Ball,533,251,797,508
WIN_20190923_16_54_44_Pro.jpg,1280,720,Ball,407,206,716,504
WIN_20190923_16_54_51_Pro.jpg,1280,720,Ball,365,249,557,430
WIN_20190923_16_54_57_Pro.jpg,1280,720,Ball,578,269,678,371
WIN_20190923_16_55_00_Pro.jpg,1280,720,Ball,554,322,635,403
WIN_20190923_16_55_13_Pro.jpg,1280,720,Ball,1087,261,1197,366
WIN_20190923_16_55_17_Pro.jpg,1280,720,Ball,213,345,333,459
WIN_20190923_16_55_20_Pro.jpg,1280,720,Ball,525,578,654,709
WIN_20190923_16_55_23_Pro.jpg,1280,720,Ball,1101,108,1253,245
WIN_20190923_16_55_31_Pro.jpg,1280,720,Ball,596,296,722,419
